"id","country_slug_map","ul_safety_index","institutions_resources","safety_frameworks","safety_outcomes","transport_injuries","transport_injuries_rating","falls","falls_rating","drowning","drowning_rating","fires_heat_hot_substances","fires_heat_hot_substances_rating","poisonings","poisonings_rating","exposure_to_mechanical_forces","exposure_to_mechanical_forces_rating","foreign_body","foreign_body_rating","other_unintentional_injuries","other_unintentional_injuries_rating","exposure_to_forces_of_nature_disaster","exposure_to_forces_of_nature_disaster_rating","unintentional_injuries","gdp_per_capita","gdp_per_capita_rating","government_effectiveness","government_effectiveness_rating","education","education_rating","network_readiness","network_readiness_rating","ul_standards_index","ul_standards_index_rating","consumer_protection_survey","consumer_protection_survey_rating","ul_labor_rights_index","ul_labor_rights_index_rating","iso_membership","iec_membership"
1,"Afghanistan",37.9257198722072,0.196056828404428,0.75,0.370986633618916,2924.987114966,0.0311351472278775,1208.000257611,0,1033.044978976,0.098353208453286,162.626709789,0.731816066153227,138.893886469,0.721171432179767,519.860209897,0.126635494660998,187.699566595,0.665699339847598,2540.26260227,0,75.7690693719999,0.964069014047492,8791.144395945,590.2695154,0.128702282480228,-1.335604072,0.197530958531147,0.398,0.26193724420191,,,6,0.75,,,,,"Member body","Affiliate country"
2,"Albania",66.6239669236874,0.506606045261729,0.625,0.933987531279082,523.240678012,0.895828986640069,202.159560286,0.886360123933743,64.807315357,0.956591080622037,34.257565858,0.970534830772448,21.420937264,0.967163112261724,154.865754303,0.782379972962325,29.2982876999999,0.978960248845592,94.135524705,0.969382722868891,2.769401362,0.998686702604907,1126.955024847,3965.016806,0.451148744339408,0.027829643,0.502490509898024,0.715,0.694406548431105,3.7,0.378378378378378,5,0.625,,,,,"Correspondent member","Associate member"
3,"Algeria",71.2466004846037,0.419259653004388,1,0.862599833889296,1171.842683107,0.662314678298958,221.177726053,0.8696010647596,92.86752902,0.931718738869992,180.279603228,0.698988263578038,72.25984009,0.860705011019478,109.256850556,0.864320359549292,56.764291367,0.924642346014958,129.31098463,0.955442938859712,9.1411639,0.995665104053636,2042.900671951,4206.031232,0.461138513709131,-0.506217957,0.383039953033543,0.658,0.616643929058663,3.1,0.216216216216216,8,1,,,,,"Member body","Full member"
4,"Andorra",0,0.793357428430573,0,0.919799539251273,356.850982644,0.955733788542825,590.982614085,0.543724107047441,16.132560268,0.999735981719746,34.21548754,0.970613080761368,16.990122094,0.976441364618348,87.790831458,0.902885941242078,30.0273648459999,0.977518395780522,139.151548500999,0.951543193549124,0,1,1272.141511436,,,1.752355099,0.888215538989387,0.718,0.69849931787176,,,0,0,,,,,,
5,"Angola",40.3011543319564,0.289348987416781,0.5,0.452439470844082,1886.11615449199,0.405156861445708,293.349823914,0.806002057705341,1144.004054368,0,556.155061349,0,260.498607531,0.466527704901438,470.615131781,0.215108586685181,395.1841034,0.255369353524402,185.55780407,0.933152725288412,19.74212355,0.990637948046253,5211.22286445499,4102.11859,0.456903538170396,-1.012035728,0.269903568902428,0.482,0.376534788540246,2.5,0.0540540540540541,4,0.5,,,,,"Correspondent member","Affiliate country"
6,"Antigua and Barbuda",51.9310613936387,0.625107984918429,0.25,0.896162035816869,354.516529478,0.956574254980072,90.275297407,0.984954015963967,203.684112057,0.833491834463895,128.298718482,0.795653335965287,26.244093897,0.95706328577844,222.836900502,0.660263861003119,79.404585995,0.879867964617122,22.95824961,0.997589769579916,0,1,1128.218487428,14128.87855,0.666268796204162,0.210274503,0.543297996204605,0.694,0.665757162346521,,,2,0.25,,,,,"Subscriber member","Affiliate country"
7,"Argentina",79.5937063471082,0.583538773737981,1,0.864104898211828,752.938678488,0.81313147832658,269.407499582,0.82710035052508,98.2187571939999,0.926975454391286,90.921221999,0.865161548856207,40.683464613,0.926826834869588,161.629833747,0.770227712350651,155.218213331,0.729935805108149,224.237143993,0.917824378614513,0.5049989795,0.9997605208644,1793.7598119265,13431.87834,0.657704364077195,-0.087074146,0.476789951404944,0.808,0.821282401091405,3.7,0.378378378378378,8,1,,,,,"Member body","Full member"
8,"Armenia",69.8116262230768,0.531095549757171,0.75,0.854179882152843,623.25396575,0.859821491245973,273.606716655,0.823399944909014,175.99130515,0.858038509900388,121.00742897,0.809212416998976,48.231513938,0.911021005975669,129.223964177,0.828447692707607,118.328549432999,0.802890327482798,196.953769773,0.928636585319964,282.25267306,0.866150964835202,1968.849886906,3499.804218,0.430020692931731,-0.135414749,0.465977596949059,0.73,0.714870395634379,4.2,0.513513513513514,6,0.75,,,,,"Member body","Affiliate country"
9,"Australia",94.8756336325563,0.902517020277996,1,0.946256045684255,435.415701940999,0.927448359354297,328.078377061,0.775398797414444,41.722322931,0.977053427340372,30.96695873,0.976654133623495,21.434879454,0.967133916921304,75.389246922,0.925166473061211,26.56642464,0.984362894022471,59.044605587,0.983289003958932,0.427218992599999,0.999797405461767,1019.0457362586,56327.72145,0.900392664445905,1.558297157,0.844810551801213,0.939,1,5.5,0.864864864864865,8,1,,,,,"Member body","Full member"
10,"Austria",91.1080454262151,0.83944126403546,1,0.900906821163933,433.440925553,0.928159332399014,632.564444095,0.50708164855568,29.447072302,0.987934108164947,35.875901813,0.967525329048856,16.806107305,0.976826696794074,121.945235878,0.841524565021618,43.332288624,0.951206029201663,135.066150688,0.9531622075784,11.088859173,0.994741473711149,1459.566985431,43438.86304,0.856405361620355,1.473609209,0.825868377829623,0.82,0.837653478854025,5.4,0.837837837837838,8,1,,,,,"Member body","Full member"
11,"Azerbaijan",69.539815689084,0.549098682911509,0.75,0.816561576896451,482.397526503,0.910533628624175,297.734839842,0.802137923681206,191.766803619,0.844055238285203,281.545193866,0.51067200660796,50.6675103679999,0.905919960513334,178.964436054,0.739084582442374,176.694453694,0.687463505484657,144.676154014,0.949353831768174,0.351074118,0.999833514660973,1804.797992078,5496.34464,0.506434683712184,-0.23323147,0.44409890712046,0.723,0.705320600272851,4.3,0.54054054054054,6,0.75,,,,,"Member body","Affiliate country"
13,"Bahrain",83.1748393304962,0.694026960792239,0.875,0.947526831786375,657.208962366,0.847596771792093,135.452917311,0.945142899866124,41.955165216,0.976847037861076,48.85547678,0.943388157088978,18.540355086,0.973195132862005,83.27436517,0.91100016814169,37.10401943,0.963523311503973,99.952123128,0.967077646379269,0.06250179467,0.999970360582162,1122.40588628167,23395.74769,0.751647975291647,0.573863804,0.624622103783062,0.717,0.697135061391542,4.9,0.702702702702703,7,0.875,,,,,"Member body","Associate member"
14,"Bangladesh",56.2102860885103,0.299157263211442,0.75,0.791564980074194,760.562205687,0.810386801826954,320.387491956,0.782176107074867,1037.879381329,0.094068034115884,111.169007141,0.827508214827807,33.336313209,0.942211977831586,90.578186791,0.897878213478916,108.803098556,0.821728252410932,116.938177962,0.960346193938878,25.7666280959999,0.987781025161924,2605.420490727,1211.701531,0.250456737895829,-0.727822244,0.333473668144881,0.457,0.342428376534789,3.3,0.27027027027027,6,0.75,,,,,"Member body","Affiliate country"
15,"Barbados",78.6795290452696,0.699837892512091,0.75,0.927954192249378,517.815491185,0.897782200998915,148.557708599,0.933594784482595,166.830350645,0.866158704349361,81.523996778,0.882636885427833,18.061428273,0.974198019161902,97.834866028,0.88484095423419,62.911992427,0.912484398580833,16.8763072,1,0.2282013838,0.999891783008771,1110.6403425188,15660.67942,0.683694312513414,1.002531052,0.720502211629562,0.773,0.773533424283765,4.6,0.621621621621621,6,0.75,,,,,"Member body","Affiliate country"
16,"Belarus",72.730840457127,0.586763435840929,1,0.655681266504241,1240.897085518,0.637453221056698,975.600909442,0.204793378904849,446.546915919,0.618220249968419,315.342610702,0.447821407567217,154.377892613,0.688747485121837,160.653458443,0.771981856021973,210.794596932999,0.620025654335162,238.711875863,0.912088145562015,0,1,3742.925345433,5740.456495,0.513791310131178,-0.476236433,0.389745927814529,0.834,0.856753069577081,,,8,1,,,,,"Member body","Full member"
17,"Belgium",90.2302008483959,0.834796952003447,1,0.879984287206826,587.583798915,0.872663718484643,654.849968851,0.487443349432182,31.19991743,0.986380400713336,60.05478208,0.922561623204429,20.086654695,0.969957137720977,105.464737862,0.871133221832748,89.690787718,0.859525547407097,142.163119745,0.95034972933404,0.3292653901,0.999843856731983,1691.4230326861,40231.28317,0.843419103467658,1.441359282,0.818655028796711,0.841,0.866302864938609,5.3,0.810810810810811,8,1,,,,,"Member body","Full member"
18,"Belize",59.2371756559664,0.502369587148027,0.5,0.827541318942652,1011.02963089899,0.720211737456331,128.95927066,0.950865187168347,348.259904422,0.705341045593866,84.669422358,0.876787566147002,45.354428585,0.917045704125442,261.983228847,0.589934056633273,161.945365835,0.716631910574772,87.410659762,0.972047738905532,2.09413829,0.999006923879305,2131.70604965799,4906.940691,0.487231552743947,-0.696509123,0.340477481551429,0.704,0.679399727148704,,,4,0.5,,,,,"Correspondent member","Affiliate country"
19,"Benin",52.6530553908048,0.27249617930936,0.75,0.714248032422301,790.768768638,0.79951162012931,309.733254834999,0.791564761719787,363.966263831,0.691419058270718,224.670558237,0.616437631739971,145.206798333999,0.707952016081084,359.476637095,0.41477861755856,285.293278284,0.472693986295813,183.063128497,0.934141347433929,0.5625006906,0.999733252571534,2662.7411884416,779.0678678,0.175683774069348,-0.617992043,0.358039415973329,0.414,0.283765347885402,,,6,0.75,,,,,"Member body","Affiliate country"
20,"Bhutan",56.3849083244552,0.419094358098307,0.5,0.855474004937845,587.70282194,0.872620866968395,364.638329484,0.743181683862722,175.078702159,0.858847433658015,175.704353022999,0.707496523766708,42.296812171,0.923448439425919,128.291686997,0.830122610240358,109.021586832,0.821296160975669,132.961221971,0.953996375823314,24.765136186,0.988255949719504,1740.460650763,2532.454468,0.375251957487947,0.406286299,0.587140002393205,0.452,0.335607094133697,3.7,0.378378378378378,4,0.5,,,,,"Correspondent member","Affiliate country"
21,"Bolivia",53.2624676449193,0.410648778468622,0.5,0.73590763806234,934.781227260999,0.74766323020192,191.133643966,0.896076307203986,288.151274435,0.758620839013801,156.832148787,0.742591789988012,201.158598065,0.590787364026428,337.935984134999,0.453478285515264,263.228616677,0.516329972065371,193.495152052,0.930007210866975,26.119381073,0.987613743679304,2592.836026451,3095.359693,0.409231249520687,-0.657609463,0.349178177985303,0.656,0.613915416098227,3.3,0.27027027027027,4,0.5,,,,,"Correspondent member","Affiliate country"
22,"Bosnia and Herzegovina",73.3409028465088,0.500363263515217,0.875,0.901042521293833,339.310569689,0.962048812805824,208.93488545,0.880389617800888,15.834702936,1,60.4272412599999,0.921868987944912,83.518848987,0.837128327762829,159.717095084,0.773664114732858,95.075374702,0.848876765876079,305.099505931,0.885779201030731,0.7868470675,0.999626863690376,1268.7050711065,4197.807304,0.460807179765425,-0.544285178,0.374525448433704,0.694,0.665757162346521,,,7,0.875,,,,,"Member body","Associate member"
23,"Botswana",66.5541529699954,0.51404335722126,0.75,0.764653123709593,1544.771064073,0.528050349391601,97.161246231,0.978886026799009,275.141140446,0.770152914382172,255.589513108,0.558939899153315,110.016274266,0.781641969359989,330.00074327,0.467734640102201,107.681588269999,0.823946197455909,85.106363986,0.972960914894679,0.916875797,0.999565201847465,2806.384809447,6360.644776,0.531159058857818,0.5132882,0.611073143671263,0.658,0.616643929058663,3.4,0.297297297297297,6,0.75,,,,,"Member body","Affiliate country"
24,"Brazil",77.5751623035431,0.5288632312556,1,0.882723532419148,1284.119021147,0.621892152289894,339.64777831,0.765203688037606,180.111895315,0.854386052793864,45.7895454019999,0.949089646781524,11.409786384,0.988126745516794,83.139562048,0.911242353746306,72.328577517,0.89386177112777,114.734855015,0.961219355115708,1.075401269,0.999490026362868,2132.356422407,8538.589975,0.581009562445382,-0.18901372,0.453989102040903,0.681,0.648021828103684,3.9,0.432432432432432,8,1,,,,,"Member body","Full member"
25,"Brunei Darussalam",69.275535109675,0.751634949311574,0.5,0.884632106452775,793.00692305,0.798705823854594,430.765701457999,0.684909369196826,201.725657098,0.835227792772383,79.440296395,0.8865117915465,16.009139654,0.978495569609196,109.66724949,0.863583041952417,50.853943685,0.936330893609228,72.415015893,0.977990405669751,0.1386076974,0.999934269864082,1754.0225344204,36607.92788,0.827441397507125,1.052561998,0.731692645516273,0.716,0.695770804911323,,,4,0.5,,,,,"Correspondent member","Affiliate country"
26,"Bulgaria",80.2784958599764,0.581846673064497,1,0.889178851489086,645.207753405,0.851917532424609,362.926372327,0.744690283148756,83.768577315,0.939783974548883,68.778614514,0.906338546243591,31.718227547,0.945600294999118,156.456790864,0.779521536556892,73.668791447,0.891211308726883,157.617474906,0.944225278554865,1.432027329,0.999320908198182,1581.574629654,6819.869108,0.542960432558165,0.216149658,0.544612093555506,0.778,0.780354706684857,4,0.459459459459459,8,1,,,,,"Member body","Full member"
27,"Burkina Faso",44.5762115866279,0.177935536356201,0.75,0.663720930514154,989.374984056,0.728007997474324,406.918441876999,0.705923889700828,416.257232428,0.645068775371589,273.746973835,0.52517378947433,190.39720064,0.613322034778465,296.921981498999,0.527163530179663,378.731940873,0.28790582939217,165.734789334,0.941008444713824,0.1811753805,0.999914083542194,3118.2647199225,613.0419035,0.135110637819821,-0.586434007,0.365098009577625,0.262,0.0763983628922238,2.8,0.135135135135135,6,0.75,,,,,"Member body","Affiliate country"
28,"Burundi",34.3552636030725,0.131253064938527,0.5,0.617874678664147,1127.136033028,0.678410284525023,443.733436987,0.673482029160583,499.216793104999,0.571534105623916,349.949742667,0.38346504016681,289.062527008,0.406714049166864,286.440225318,0.545994922364525,341.070606373,0.362386439409012,170.583452564,0.939086954040964,0.4253673978,0.999798283519625,3507.6181844478,275.9823454,0,-1.145101309,0.240140757965826,0.395,0.257844474761255,2.4,0.027027027027027,4,0.5,,,,,"Correspondent member","Affiliate country"
30,"Cambodia",49.5032324835618,0.300071155420221,0.5,0.808549142688241,1065.039634705,0.700766671632932,255.000009201,0.839796421576529,551.936822012,0.524803507207922,158.133974764,0.740170878860446,48.252657871,0.910976729981601,117.784936447,0.848998906996262,138.755724765,0.762492702176971,142.71249529,0.950132015721949,2.521102761,0.998804450039559,2480.137357816,1158.689904,0.242883394039908,-0.689818084,0.34197406787548,0.459,0.345156889495225,3.3,0.27027027027027,4,0.5,,,,,"Correspondent member","Affiliate country"
31,"Cameroon",53.2212488105527,0.290512053291956,0.75,0.691878385370074,867.764465510999,0.77179108155665,381.70197513,0.728144973666194,317.928567529,0.732226492228717,233.803642914,0.599453498135184,143.374572508,0.711788748812127,370.766804554,0.394494843772769,342.459813692,0.359639085659267,192.249857355,0.930500712277929,2.391242015,0.998866032221827,2852.440941208,1250.777456,0.255829992044691,-0.763527691,0.325487422111297,0.493,0.391541609822647,3,0.189189189189189,6,0.75,,,,,"Member body","Affiliate country"
32,"Canada",93.5120372714736,0.886187639535869,1,0.922734732096845,480.446219444,0.911236152074094,450.874352828,0.667189359688506,39.31853571,0.979184124489651,60.9720125789999,0.920855916327471,22.01320458,0.965922887741045,85.841637338,0.90638783904282,33.330771839,0.970985441724618,59.924466768,0.982940321245263,0.1886339987,0.999910546538137,1232.9098350847,43248.52991,0.855661960285396,1.765127301,0.891072300523912,0.89,0.933151432469304,5.5,0.864864864864865,8,1,,,,,"Member body","Full member"
29,"Cabo Verde",0,0.448509885411053,0,0.842982105448101,645.237369463,0.851906869840705,126.258633099,0.953245024700905,397.332012653,0.661843933951263,76.360930689,0.892238264082161,50.941581139,0.905346048562745,230.630510487,0.646261958685505,155.911175534,0.728565374445421,146.928243339,0.948461344823389,2.171727101,0.998970129940813,1831.772183504,3131.131052,0.411176435194484,0.150738552,0.529981575532727,0.534,0.447476125511596,3.8,0.405405405405405,0,0,,,,,,
33,"Central African Republic",17.836975479053,0.0978426944061578,0.125,0.464007744274038,2643.070183694,0.132632886517147,276.642525569,0.820724749947816,764.890899882,0.336042770533331,536.091020331,0.0373116384390695,321.142049506,0.339538621215882,496.853236109,0.167969536295554,303.875375539,0.435945263572122,254.316278733,0.905904231945425,0,1,5596.881569363,306.7787523,0.0179092936594175,-1.79160583,0.0955369341702429,0.338,0.180081855388813,,,1,0.125,,,,,,"Affiliate country"
34,"Chad",19.175594444075,0.111941736232516,0.125,0.50390011366369,1025.914866477,0.714852649042807,400.007888674999,0.712013560569053,726.350350305,0.37020479552371,339.643051848,0.402631643793507,275.19161813,0.435760124899657,590.346893296,0,524.312350899,0,269.569340162,0.899859552437258,0.466670871899999,0.999778696707223,4151.8030306639,775.6950905,0.174949279898183,-1.450363517,0.17186268549573,0.28,0.100954979536153,2.3,0,1,0.125,,,,,,"Affiliate country"
35,"Chile",85.5687144588671,0.701372056252947,1,0.893298414825075,663.815950975,0.845218076747785,389.253674075,0.72149031669059,108.696625101999,0.917687958773097,101.273739709999,0.845909724290043,15.779164096,0.978977144935882,92.136848252,0.895077941773614,55.229355348,0.92767789885847,129.814469256,0.955243411491673,100.369099527999,0.952403259864517,1656.368926342,13383.8768,0.657098284298235,1.08178103,0.738228073525764,0.784,0.788540245566167,4.6,0.621621621621621,8,1,,,,,"Member body","Full member"
36,"China",78.5566084431661,0.563214375182424,1,0.860744873254634,1131.465099752,0.676851703123985,341.77005291,0.763333511594676,229.838001542,0.810309242726402,34.012479591,0.970990599885584,65.455771983,0.874952922188476,184.164138045,0.729742862815807,35.42494087,0.966843926587727,128.745182883,0.955667162058556,4.19232419499999,0.998011928310491,2155.067991771,7924.653957,0.568377527199805,0.424247801,0.591157455923606,0.631,0.579809004092769,4.2,0.513513513513514,8,1,,,,,"Member body","Full member"
37,"Colombia",78.3133123965359,0.519063697318109,1,0.925307590627668,712.570361793,0.827665166902746,160.354725084999,0.923199097548882,152.213592082,0.879114878477338,28.136410401,0.981917898572002,13.0654530949999,0.984659732569125,84.902875824,0.908074406249013,93.7195669389999,0.851558067284924,61.391887721,0.982358792782551,22.731625359,0.989220275262431,1329.086498299,6056.147717,0.522854339682386,-0.034857705,0.488469215491013,0.63,0.578444747612551,4.1,0.486486486486486,8,1,,,,,"Member body","Full member"
38,"Comoros",29.7138594978959,0.2573185335507,0.125,0.815635492056754,653.946073726,0.848771500174026,290.06653931,0.808895331517238,223.139347508999,0.816246874363442,192.577228881,0.676119263180156,121.234916151,0.758149815768841,190.855294932,0.717721613958869,144.456443377,0.75121872568641,105.806242208999,0.96475770072036,2.449082785,0.998838603141444,1924.53116888,,,-1.522009492,0.155837612803991,0.469,0.358799454297408,,,1,0.125,,,,,,"Affiliate country"
39,"Congo",31.230690959945,0.339365144454473,0.125,0.718071236623657,1254.87223267599,0.632421789150956,217.37460047,0.87295242931668,453.473674133,0.612080428668356,316.298636608,0.44604355569226,141.502183396,0.715709584600665,251.582521014,0.608619838368822,212.533771992,0.616586189933802,122.192606795999,0.958263901249778,0.07715320862,0.999963412631591,2969.90738029361,1851.199916,0.322203745623221,-1.022714019,0.267515152951657,0.52,0.42837653478854,,,1,0.125,,,,,,"Affiliate country"
40,"Costa Rica",75.3677541324602,0.60469729953369,0.75,0.943968341955661,734.857935458,0.819641036067348,169.027759694,0.915556304757379,150.283623952,0.880825586295761,28.0845968519999,0.982014252462268,16.566216073,0.977329035822726,45.442080591,0.978969177900565,40.099525359,0.957599275304433,55.9020962099999,0.984534358022691,1.589881686,0.999246050967772,1241.853715875,10629.84432,0.61809611221025,0.378883988,0.581010920812604,0.684,0.652114597544338,4.4,0.567567567567568,6,0.75,,,,,"Member body","Affiliate country"
41,"Ivory Coast",52.877584718547,0.288447486350181,0.75,0.683418619932925,940.801482648,0.745495775026497,341.941881924999,0.763182093594356,331.212556921,0.720451673691821,305.925705469999,0.465333341624578,149.624410550999,0.698701411081681,369.634409435,0.396529290694246,307.164131664,0.429441283677659,189.204781782,0.93170745401975,0.1576156137,0.999925255985738,2935.6669760097,1398.694589,0.274752345633627,-0.650963187,0.350664752158233,0.415,0.285129604365621,3.2,0.243243243243243,6,0.75,,,,,"Member body","Affiliate country"
42,"Croatia",83.9832121064804,0.647573092931459,1,0.91472099652224,631.93095848,0.856697538591016,507.914554328,0.61692477981497,72.326377267,0.949926246215345,35.864554229,0.967546431325859,11.843407992,0.98721872959829,76.012767386,0.924046263986499,46.0125709649999,0.945905392184272,56.225346634,0.98440625618405,0.3852016562,0.999817330799856,1438.5157389372,11535.82936,0.631942812949223,0.509246707,0.610169181946851,0.798,0.807639836289223,4.3,0.54054054054054,8,1,,,,,"Member body","Full member"
43,"Cuba",80.2569175473557,0.640529059514629,0.875,0.922360160653961,442.421995103,0.924925903843972,426.451023668,0.688711520323589,110.477034468,0.916109818608466,34.817433334,0.969493685929315,10.6121020509999,0.989797119084307,74.794451939,0.926235074295684,58.118364541,0.921964475000935,103.940034751,0.965497265432131,3.149225813,0.998506583367249,1264.781665668,,,0.013740357,0.499339155864183,0.779,0.781718963165075,,,7,0.875,,,,,"Member body","Associate member"
44,"Cyprus",83.3500067899346,0.729097471719856,0.875,0.90766016004912,739.023135975,0.818141450943977,358.00577607,0.749026377641434,72.848831769,0.949463146857667,46.338909306,0.948068034667636,14.652842947,0.981335693296414,142.544903791999,0.804515459040919,37.2748269,0.963185515599236,126.576714683,0.956526510547622,2.785113065,0.998679251847171,1540.051054507,22957.39798,0.748445995035864,1.036171079,0.728026484668307,0.786,0.791268758526603,4.7,0.648648648648649,7,0.875,,,,,"Member body","Associate member"
45,"Czech Republic",87.4375885206535,0.735675780910143,1,0.908673903539042,552.607234567,0.885256230021321,394.294830039,0.717047983389796,72.059209924,0.950163061142697,40.327850729,0.959246363303422,16.994871839,0.976431418517902,92.165748356,0.895026020207876,108.481489588,0.8223642795842,85.9697640409999,0.972618755607895,0.1876354304,0.999911020076269,1363.0886345134,17231.28171,0.699874034443023,1.051495671,0.73145413989627,0.878,0.916780354706685,4.5,0.594594594594595,8,1,,,,,"Member body","Full member"
47,"Democratic Republic of the Congo",46.5785218905571,0.249334171367995,0.625,0.648478060855558,1152.305211872,0.669348697691955,207.333196886,0.881801046944554,630.073435605,0.455543857941772,387.742789462,0.313184058570888,223.899749108,0.543166750175124,327.889272012,0.471528082981414,243.138242513,0.556061525475973,153.781857807,0.945745306267821,0.1619054956,0.99992322165052,3326.3256607606,,,-1.63,0.131683349557273,0.475,0.366984993178718,,,5,0.625,,,,,"Member body",
48,"Denmark",94.6072180260314,0.909952235206077,1,0.930581083087372,368.236703798,0.951634620209463,398.178305477,0.713625813477927,27.625932125,0.989548351784213,61.911594821,0.919108643539012,21.984954947,0.965982043272003,90.541003738,0.897945016087332,32.174689113,0.973271758654317,107.431807554999,0.964113500762083,0,1,1108.084991574,52002.15104,0.886866012542221,1.849331021,0.909906167100713,0.923,0.978171896316508,5.5,0.864864864864865,8,1,,,,,"Member body","Full member"
49,"Djibouti",0,0.212109093077434,0,0.716739459660619,965.828634799,0.736485321653889,385.670317337,0.724648018035186,340.006570332,0.712656732799447,272.074155509,0.528284608102441,172.447599471,0.650909007594291,256.313476711999,0.600120262475259,242.159608752,0.557996912006218,156.60286881,0.944627359717778,10.697812831,0.994926914561059,2801.801044553,,,-0.956454158,0.282335512212167,0.31,0.141882673942701,,,0,0,,,,,,
50,"Dominica",62.1262563092856,0.546303977380016,0.5,0.877851762614713,793.414469808,0.798559095971295,139.143632259,0.941890593047148,259.185698815,0.784295686130711,97.8604191909999,0.85225722831315,75.823313091,0.853242997710244,125.792832113999,0.834612021699876,84.679754218,0.869435574145391,98.041782621,0.967834700703743,3.083048432,0.998537965810861,1677.024950549,7399.25396,0.556764244751512,0.106443174,0.520074017538603,0.618,0.562073669849932,,,4,0.5,,,,,"Correspondent member","Affiliate country"
51,"Dominican Republic",59.147093195019,0.467413522491898,0.5,0.885378437317066,1091.30293130899,0.691311172739832,73.201127816,1,99.962204695,0.925430076918668,71.270251647,0.901705029807672,24.417304667,0.960888634123608,159.449980128999,0.774144010123402,130.088045262,0.779634263021394,176.703277975,0.936661710857645,2.886782931,0.998631038261372,1829.28190643099,6373.553553,0.531502283000546,-0.344239295,0.41926975984489,0.622,0.567530695770805,3.6,0.351351351351351,4,0.5,,,,,"Correspondent member","Affiliate country"
52,"Ecuador",68.9738244540164,0.517701363027818,0.75,0.845108267483561,1177.391037345,0.660317120332531,271.612056531,0.825157665788092,190.617877524,0.845073636891354,78.109744936,0.888986121364618,36.5950487319999,0.935388093425257,106.901908292999,0.868551219393912,214.753672481,0.612196023074542,78.0009431759999,0.975776742508501,11.53947378,0.994527784573242,2165.521762798,6248.110873,0.528137111626533,-0.435876459,0.39877325303673,0.665,0.626193724420191,,,6,0.75,,,,,"Member body","Affiliate country"
53,"Egypt",71.8875401060489,0.412894151157017,1,0.899750585149083,733.755016699,0.820038116725658,258.153304458,0.837017696096215,123.487564269,0.904577392395605,57.22521455,0.92782356423234,28.083912912,0.953210652694743,165.038940030999,0.764102954597724,48.718569451,0.940553897856796,141.336850356,0.950677174002585,0.519134118799999,0.999753817740079,1556.3185068448,3614.746766,0.43549129727196,-0.761894822,0.325852646318534,0.601,0.538881309686221,3.6,0.351351351351351,8,1,,,,,"Member body","Full member"
54,"El Salvador",67.9833453260072,0.462953568120398,0.75,0.904917309435765,1243.547908962,0.636498852741155,234.231608919999,0.858097810549882,233.864784241,0.806739935783354,42.682184721,0.954868179536976,20.257833239,0.969598685005544,34.410794615,0.998787848448731,45.590949594,0.946739208014888,62.944513047,0.981743498434225,18.595352594,0.991181766407126,1936.125929933,4219.35033,0.461673755221923,-0.242529854,0.442019135304728,0.584,0.51568894952251,3.9,0.432432432432432,6,0.75,,,,,"Member body","Affiliate country"
55,"Equatorial Guinea",0,0.373899019029144,0,0.563850170612216,1745.100878179,0.455926184474451,297.426246107,0.802409860561397,759.68131423,0.340660504249804,446.448009461,0.204014228768224,165.707920678,0.665022085717576,372.83806596,0.390773641411235,392.726389690999,0.260229829626043,128.87630146,0.95561520070121,0,1,4308.805125766,11120.85799,0.625740774070159,-1.422546506,0.178084523126412,0.439,0.31787175989086,,,0,0,,,,,,
56,"Eritrea",33.5242649756166,0.110848810219001,0.5,0.6797931023311,890.069361776,0.763760714115558,357.093941419999,0.74982989839331,392.828462645,0.665835843501264,308.821327053,0.459948564676386,240.227463655,0.508976053844635,296.104559675,0.528632100014944,268.852524459,0.505207899843479,178.50715667,0.935946846590321,0,1,2932.504797353,,,-1.59962213,0.138477975144687,0.267,0.0832196452933152,,,4,0.5,,,,,"Correspondent member","Affiliate country"
57,"Estonia",84.0633322214702,0.791771876372421,0.875,0.857455674811344,413.449574262,0.935356760918894,402.958877385,0.709413110293299,142.482190859,0.887740712188073,194.809830282,0.671967456663317,33.029509359,0.942854433775936,95.481617609,0.889068770939841,170.163332949999,0.700379719515969,66.498259548,0.980335174029855,0.03176820087,0.999984934976915,1518.90496045487,17295.36383,0.700502450357133,1.091304302,0.740358146095273,0.877,0.915416098226467,5.3,0.810810810810811,7,0.875,,,,,"Member body","Associate member"
58,"Ethiopia",48.7139186303876,0.201178325771483,0.75,0.766155186897671,733.316550031,0.820195976614934,367.051456123999,0.741055204755856,244.257110171,0.79752826386831,247.491966002,0.573998318820188,128.752365708,0.742408063655078,208.267313428,0.686439399092753,232.156529090999,0.577779415337279,127.547292504,0.956141877476223,0.3159682592,0.999850162458417,2289.1565513182,619.1435631,0.136787277092502,-0.640669525,0.352967138046822,0.318,0.152796725784448,2.9,0.162162162162162,6,0.75,,,,,"Member body","Affiliate country"
110,"Micronesia",0,0.503344982613899,0,0.866500684250814,782.233569771,0.802584523148919,141.043250915,0.94021662396652,383.052323014,0.674501332967532,72.462460957,0.899487964826669,60.539494734,0.885247745876947,139.546499122,0.809902355405865,101.298163644999,0.83657032154441,130.53000439,0.954959850018981,10.468959954,0.995035440501483,1821.174726502,,,-0.42,0.402324344491098,0.649,0.604365620736699,,,0,0,,,,,,
59,"Fiji",69.3192571242932,0.565806173250945,0.75,0.784933301171149,761.275272816,0.810130078326069,148.939050268,0.93325874116093,497.475126758,0.57307790429633,254.725944251,0.56054581537581,39.519922575,0.929263324825026,196.545780636,0.707498158445886,220.01536563,0.601790281465493,137.430510949,0.952225228462036,7.148249279,0.996610178182765,2263.075223162,4916.250996,0.487552457098947,-0.292351067,0.430875612449248,0.777,0.778990450204639,,,6,0.75,,,,,"Member body","Affiliate country"
60,"Finland",92.5000021689875,0.907194166431255,1,0.872418727942925,422.45243676,0.932115486311667,878.241006285,0.290588213074829,71.558158379,0.950607189095973,63.143845182,0.916817117126422,23.270817474,0.963289410750969,88.3106025869999,0.901952126926276,43.46028727,0.950952893794701,154.536834452,0.945446114405491,0,1,1744.973988389,41920.79775,0.850383264517007,1.822500587,0.903904997388096,0.847,0.874488403819918,6,1,8,1,,,,,"Member body","Full member"
61,"France",89.5343681488226,0.823046357288686,1,0.872057300564924,512.428069487,0.89972181888734,664.426293224,0.479004565755347,58.650888968,0.962048086151558,59.32089407,0.923926381383468,21.081240266,0.967874447388852,112.047349103,0.859306984727132,102.244678419,0.834698454848939,212.180847302,0.922602203046132,1.407028867,0.999332762895546,1743.787289706,36248.18019,0.82576953804641,1.443159819,0.819057755346376,0.839,0.863574351978172,5.2,0.783783783783784,8,1,,,,,"Member body","Full member"
62,"Gabon",61.3403396436177,0.415049560753533,0.75,0.741442210840064,1337.311044335,0.602741581668098,252.058357,0.842388644397083,371.651514433,0.684606915579335,236.259750090999,0.594886054175437,106.808764394,0.788358585803455,250.133848748999,0.611222504858911,225.725700146999,0.590497288164198,122.156215366,0.958278322914059,0,1,2902.105194515,8311.476512,0.576445708333445,-0.732221544,0.332489675641565,0.618,0.562073669849932,3,0.189189189189189,6,0.75,,,,,"Member body","Affiliate country"
64,"Georgia",65.7507288499317,0.586374526606061,0.625,0.775615717733043,1010.731607676,0.720319033897353,376.215274446,0.73297992686623,224.728439935,0.814838315955093,251.779914833999,0.566024332108277,60.300796758,0.885747586193767,210.827728733,0.681839388948271,196.859822609,0.647583639358196,131.482991855999,0.95458218787987,49.287453294,0.976627048390328,2512.214030141,3795.973308,0.443772857835255,0.401318818,0.586028924707126,0.794,0.802182810368349,4.2,0.513513513513514,5,0.625,,,,,"Correspondent member","Associate member"
65,"Germany",93.6034274547092,0.890918828085791,1,0.920528242108918,385.325308889,0.94548225902804,566.783035174,0.565049096004185,20.937093359,0.995477283249608,36.895828089,0.965628646301324,8.850305312,0.993486371314054,73.400867404,0.928738770858376,43.033025577,0.951797864158974,170.565955340999,0.939093888065705,0,1,1305.791419145,41219.04921,0.847525366006014,1.739729166,0.885391493477744,0.914,0.965893587994543,5.5,0.864864864864865,8,1,,,,,"Member body","Full member"
66,"Ghana",60.540868305791,0.376683200522974,0.75,0.785431692745685,777.872884646,0.804154488031634,338.941416703,0.76582614322677,196.790951304,0.839601875251876,211.175042204999,0.641534261789867,77.778095147,0.849149628765277,230.337120592999,0.64678905930315,239.771348424,0.562720034234096,119.347427971999,0.959391425334996,0.5939921721,0.999718318773498,2192.6082791661,1381.412478,0.272647573651168,-0.255614817,0.439092418441098,0.551,0.470668485675307,3.5,0.324324324324324,6,0.75,,,,,"Member body","Affiliate country"
67,"Greece",84.0656863385319,0.649346686507178,1,0.914912708950971,725.322170183,0.823074170123677,405.342131853,0.707312954939434,86.038117297,0.937772273044034,42.68209741,0.954868341902895,15.00279177,0.980602890557613,77.573972521,0.921241422348273,36.5596468329999,0.964599885227111,148.73201726,0.947746522077254,6.33481977299999,0.996995920338445,1543.5877649,18035.55432,0.707596860946338,0.249212891,0.552007354939678,0.83,0.851296043656207,4.1,0.486486486486486,8,1,,,,,"Member body","Full member"
68,"Grenada",38.9951395937741,0.583960087989092,0.125,0.81234078766478,809.786375612,0.792664765966122,180.434936192,0.905504149976418,448.143156245,0.616805355720517,127.652147785,0.796855716485249,45.839251834,0.916030470521694,313.750444911,0.496929723085918,116.350676399,0.806801850854549,49.187621335,0.987195256549452,16.279886768,0.992279799823098,2107.424497081,9156.547139,0.592838487374086,-0.2024104,0.450992663359903,0.725,0.708049113233288,,,1,0.125,,,,,,"Affiliate country"
69,"Guatemala",52.5990022461969,0.366849907108812,0.5,0.793366942181015,773.720396683,0.805649496290871,180.833949707,0.90515253399036,226.323236711,0.813424701257994,80.046057701,0.885385301284166,73.267350672,0.858595255348545,336.341606453,0.456342724536937,277.919275686,0.487277118281346,71.343005402,0.978415235785178,105.310184881,0.950060112853734,2125.105063896,3903.490842,0.448501225261192,-0.713743448,0.336622675877865,0.508,0.412005457025921,3.3,0.27027027027027,4,0.5,,,,,"Correspondent member","Affiliate country"
70,"Guinea",22.8130308968605,0.137329219748574,0.125,0.691633467827676,712.448172271,0.827709158443772,315.124588087,0.786813847561988,413.929484785,0.64713207166664,246.404018253,0.576021496155944,163.336331025,0.669988261566183,373.987015337,0.388709453316681,322.109065019,0.399885566448854,196.621497162,0.928768262586996,0.6893621503,0.999673092702023,2744.6495340893,531.3205952,0.110890546494836,-1.13575387,0.242231501925366,0.33,0.169167803547067,2.4,0.027027027027027,1,0.125,,,,,,"Affiliate country"
71,"Guinea-Bissau",21.2808323513309,0.152495932736347,0.125,0.505588931336378,1097.84072265,0.688957390588248,428.434973583,0.686963237422316,709.279533476,0.385336226640263,376.589060761,0.333925836967664,267.958384939,0.450906719899785,572.367943823,0.0323007559755712,487.789232284,0.072229627289566,270.020938478,0.899680587243985,0,1,4210.280789994,573.0286189,0.123683887899521,-1.622959018,0.133258207717431,0.353,0.200545702592087,,,1,0.125,,,,,,"Affiliate country"
72,"Guyana",55.8996751581588,0.4377878676716,0.5,0.79798389452685,1134.23326984,0.675855086834809,253.180344589,0.841399934096255,393.694033846,0.665068608334043,134.225538932,0.784631658850229,42.871618643,0.922244778406713,199.895445257,0.701480192841977,209.741899744,0.622107511758447,93.095150078,0.96979501591694,1.534605872,0.99927226370224,2462.471906801,4127.351018,0.457941670579223,-0.336635172,0.420970575889782,0.568,0.493860845839018,3.7,0.378378378378378,4,0.5,,,,,"Correspondent member","Affiliate country"
73,"Haiti",36.4216477360412,0.146858426969553,0.5,0.657975757114563,1399.803254753,0.58024269147375,179.69890032,0.906152754520319,648.474879563,0.439232969922484,261.123478413,0.548648786191112,134.435959626,0.730506457146906,339.616392739,0.450459284414082,191.443087533,0.658295998283239,134.44776414,0.953407269759013,727.861607447,0.65483560232016,4016.905324534,828.8124714,0.186162176204079,-2.002146244,0.0484453084522763,0.425,0.298772169167804,2.5,0.0540540540540541,4,0.5,,,,,"Correspondent member","Affiliate country"
74,"Honduras",43.8267469402802,0.358977061216991,0.25,0.938017631962142,644.009094685,0.852349082064818,95.678423531,0.980192709771411,88.029837934,0.936006828313177,37.732813507,0.964072165367738,41.454273742,0.925212738739812,100.405549165,0.880222497031034,48.729969421,0.940531352805458,71.548396954,0.978333840577317,31.13031562,0.985237472988513,1158.718674559,2495.590498,0.372769539416703,-0.818613529,0.313166359298831,0.518,0.425648021828104,3.5,0.324324324324324,2,0.25,,,,,"Subscriber member","Affiliate country"
75,"Hungary",84.7176105039861,0.66144926403495,1,0.919230775346293,480.686547235,0.91114962755297,458.265282213999,0.660676374974344,56.447659153,0.964001010871773,51.644333871,0.938201922304855,12.898091518,0.985010192447642,56.133768521,0.959760624958552,81.775878789,0.875178398085016,69.207744673,0.979261424390217,0.3428756145,0.999837402531268,1267.4021815885,12259.11503,0.642237737486219,0.491794795,0.606265708535961,0.834,0.856753069577081,4.3,0.54054054054054,8,1,,,,,"Member body","Full member"
76,"Iceland",89.5859673498422,0.876400167507746,0.875,0.937582424757396,356.882275082,0.955722522416667,387.665000744,0.72289027663882,36.342494423,0.981822062919039,33.9830236039999,0.971045377043178,23.311116092,0.963205024304439,72.759762406,0.929890572087153,21.654991724,0.994075946533674,102.800666355,0.965948789005127,97.758497577,0.953641251868463,1133.157828007,50173.33992,0.880805174264719,1.500925064,0.831978121775629,0.906,0.954979536152797,5.4,0.837837837837838,7,0.875,,,,,"Member body","Associate member"
77,"India",68.4207765155648,0.410384844626845,1,0.780499595206955,1141.19509234999,0.673348641965006,392.619566992,0.718524247340847,214.997399598,0.823463829779456,291.630881839,0.491916385907213,53.501978982,0.899984503021068,231.124926357999,0.645373697309412,107.417744584,0.824467985622558,142.475962639,0.950225751925345,5.922785567,0.997191313991693,2580.88633890899,1581.588913,0.295556636768869,0.100586176,0.518763981368318,0.535,0.448840381991815,3.7,0.378378378378378,8,1,,,,,"Member body","Full member"
78,"Indonesia",74.6652977172657,0.467111001075435,1,0.89112023970609,1054.819952697,0.704446034257188,281.779491342999,0.816197987775442,185.196951497,0.849878700971599,34.504872747,0.970074932130017,24.948440841,0.959776419944269,66.150719067,0.941764296769766,101.155042647999,0.836853363537061,120.833679101999,0.958802434607376,37.350010825,0.982287987362096,1906.739160767,3346.487039,0.422437148156534,-0.224536434,0.446043727941969,0.622,0.567530695770805,3.9,0.432432432432432,8,1,,,,,"Member body","Full member"
79,"Iran",72.2255293029179,0.494094292205162,1,0.762539530698516,2056.403271854,0.343848881948532,266.594300047,0.82957937915767,115.020456724,0.912082566626985,241.978117265,0.584252022463342,146.692653652,0.704840592995962,227.853888646,0.651250402791056,53.604407003,0.930891463794186,216.508610174,0.920887141471749,31.1601499559999,0.985223325037158,3355.815855321,,,-0.2,0.45153179811543,0.704,0.679399727148704,3.6,0.351351351351351,8,1,,,,,"Member body","Full member"
80,"Iraq",64.2934787139608,0.363607825546693,1,0.730916140839043,1079.036481678,0.695727427205407,289.049302228,0.809791734286056,171.000312547999,0.862462484541842,198.004278353999,0.666026973818018,55.3181278519999,0.896181435890859,571.983819826999,0.0329908683471435,112.751370762,0.813919986285486,505.717052146999,0.806275897629286,10.821079195,0.994868459547291,2993.681824591,4629.076634,0.477363022205675,-1.269264936,0.212369049250229,0.5,0.401091405184175,,,8,1,,,,,"Member body","Full member"
81,"Ireland",93.4973055896764,0.867175618743794,1,0.942519247248223,302.438344806,0.975323813534954,386.127713136,0.724244954808408,40.467167855,0.978165986438354,42.028384632,0.956084004031668,21.23965678,0.967542718725399,70.653198054,0.933675199280359,31.450379174,0.974704183894001,85.178407608,0.972932364520865,0,1,979.583252045,51289.73044,0.884530719644078,1.536572576,0.839951409473642,0.91,0.96043656207367,5.2,0.783783783783784,8,1,,,,,"Member body","Full member"
82,"Israel",92.8490090543369,0.842243764062126,1,0.950372836654958,384.510238654999,0.945775706412487,256.047863513,0.838873038499747,33.165357308,0.984638251030307,38.700949517,0.962271793212769,14.496975928,0.981662083245187,73.044357123,0.929379272774612,43.352512876,0.951166032885917,118.847982958,0.959589351833596,0,1,962.166237877999,35329.5111,0.821423740829869,1.37515533,0.803847174715859,0.87,0.905866302864939,5.4,0.837837837837838,8,1,,,,,"Member body","Full member"
83,"Italy",85.8026523237879,0.690174041179421,1,0.915257967526534,526.825757697,0.894538260745893,495.561631396,0.627810338860324,28.081264463,0.989144748958607,35.543440026,0.968143584064394,14.416711929,0.981830158330538,109.112693462999,0.86457935038133,29.391635326,0.978775640726405,149.570207577,0.947414353229925,31.451266841,0.985085272441393,1419.954608718,29847.04979,0.792875734114149,0.453999162,0.59781195009028,0.814,0.829467939972715,4.3,0.54054054054054,8,1,,,,,"Member body","Full member"
84,"Jamaica",71.8254857177259,0.530675715713235,0.75,0.930990473532126,467.107025906,0.916038623433087,103.246676736,0.973523464962978,68.2766607499999,0.953515881505348,65.618008375,0.912216095706377,30.779608642,0.947565789548801,174.42763783,0.747235337444156,51.691650879,0.934674209276266,28.738265974,0.99529919029949,2.434181442,0.998845669612636,992.319716534,5137.91553,0.495018400792915,0.246153101,0.551322970964564,0.678,0.643929058663029,3.9,0.432432432432432,6,0.75,,,,,"Member body","Affiliate country"
85,"Japan",92.4503107525335,0.865919467692368,1,0.912530990053395,275.177252479,0.985138545943051,456.696981564,0.662058382246664,97.556749824,0.927562252259141,54.873747285,0.932196416954993,16.777233395,0.976887159578736,58.804725995,0.954962016134474,116.356660146,0.806790017149434,71.381032467,0.978400165930406,23.6517123989999,0.988783954283656,1171.276095554,32477.21514,0.807172838776846,1.791387916,0.896946018681907,0.842,0.867667121418827,5.6,0.891891891891892,8,1,,,,,"Member body","Full member"
86,"Jordan",75.574794080183,0.5577147786001,0.875,0.884526221079824,873.265508561999,0.769810556900361,199.928157963,0.888326465169309,100.366026163,0.925072132903005,116.059766150999,0.818413225851758,63.372537261,0.879315274651216,109.923165292,0.863123266820221,82.873069914,0.87300854761689,159.027439075999,0.943666519805658,0,1,1704.815670382,4940.045838,0.488369856068922,0.13580668,0.526641760082889,0.701,0.675306957708049,4.3,0.54054054054054,7,0.875,,,,,"Member body","Associate member"
87,"Kazakhstan",75.3312759891692,0.628088194282723,0.875,0.7778525644096,1219.691522419,0.645087798750181,382.95283448,0.727042699865344,423.18366468,0.638929243001552,187.812489457,0.684979902693661,165.691273287,0.665056945825446,84.813276771,0.90823537878809,130.356207956,0.779103933406205,136.634986847999,0.952540488992124,0.6396050594,0.999696688363802,2731.7758609574,10508.3964,0.616150795972466,-0.052971248,0.484417754913082,0.805,0.81718963165075,4.5,0.594594594594595,7,0.875,,,,,"Member body","Associate member"
88,"Kenya",64.8524189655922,0.383903356364955,0.875,0.811986066757553,578.762032092,0.875839793738554,290.202209726,0.808775776952525,191.24125829,0.844521077326419,177.967536729,0.70328784556057,112.773710861999,0.775867819093398,248.828507029,0.613567665482769,156.093144324,0.728205505453439,117.202498949999,0.960241445415627,5.129145211,0.997567671794674,1878.200043213,1376.712829,0.272070653057529,-0.285136282,0.43248934516878,0.518,0.425648021828104,3.8,0.405405405405405,7,0.875,,,,,"Member body","Associate member"
89,"Kiribati",0,0.3897105269417,0,0.904638907422106,793.886650354,0.798389098171804,77.121256618,0.996545530659062,132.088270038,0.896953797801334,57.699333411,0.926941879854656,104.703532997999,0.792766999924052,98.922674078,0.88288661188376,83.619129146,0.871533110077414,78.110973118,0.975733138426869,0,1,1426.151819761,1291.879971,0.261303711938611,-0.502134144,0.38395338048267,0.59,0.52387448840382,,,0,0,,,,,,
90,"Kuwait",69.5548206686406,0.57267359413896,0.625,0.940144327432552,700.984383002,0.831836433415311,244.369567372,0.849164107495464,34.327679896,0.98360797788335,69.408077979,0.905167978799295,17.141170974,0.976125063988994,62.105630059,0.949031653138006,28.457332519,0.980623356531744,52.701326786,0.985802800127752,0.1274194688,0.999939575513049,1209.6225880558,28984.64339,0.787912143840817,-0.024442,0.49079889876716,0.611,0.552523874488404,4,0.459459459459459,5,0.625,,,,,"Member body",
91,"Kyrgyzstan",54.2095366313915,0.389114209855505,0.5,0.818804064840415,1004.40708920399,0.722596032033314,272.815604694,0.82409708323088,354.680349118999,0.699650016415623,160.358846188,0.736033447219869,62.718283152,0.880685301270643,109.085347503,0.864628479791375,183.504226152,0.673996218319149,94.678619644,0.969167498216185,3.41087034,0.998382507066694,2245.65923599599,1103.215352,0.234577800292726,-0.9,0.294962627492556,0.721,0.702592087312415,3.5,0.324324324324324,4,0.5,,,,,"Correspondent member","Affiliate country"
92,"Laos",39.4865027389404,0.355059714263462,0.25,0.69359284432945,1473.694480956,0.553639846518402,314.504606649,0.78736018340392,767.907127738,0.333369211060924,250.667566434,0.568092885560784,77.152857557,0.850458893972759,185.445742682,0.727440347938669,270.660361275,0.501632647116665,217.224936932,0.92060326628411,0.5518209036,0.999738317108816,3557.8095011266,1812.326765,0.318610963528023,-0.498993695,0.384655805475975,0.474,0.365620736698499,3.6,0.351351351351351,2,0.25,,,,,"Subscriber member","Affiliate country"
93,"Latvia",79.9085401355756,0.727304049933426,0.875,0.801780575753643,681.754760444,0.838759618937431,546.93329148,0.582540952644563,292.736059055,0.75455692377432,255.714845844,0.55870682697578,59.244659496,0.88795916750874,137.357669882,0.813834778668949,109.46408147,0.820421065310447,119.669700507,0.959263711026794,0.03766853922,0.999982136935761,2202.91273671722,13664.94143,0.660616623631041,1.097900867,0.741833601396715,0.835,0.858117326057299,4.7,0.648648648648649,7,0.875,,,,,"Member body","Associate member"
94,"Lebanon",69.1626303593713,0.475071222797515,0.75,0.928526959651144,452.369637787,0.921344482752561,269.712484442,0.826831593833263,49.871549709,0.969830019996735,78.062643297,0.88907371285841,33.302250085,0.942283306977218,94.107887708,0.891536796915173,45.6939480499999,0.946535514015843,93.495252077,0.969636458346987,0.6942998425,0.999670751164103,1117.3099529975,8050.750756,0.571050074520118,-0.470651656,0.390995076247391,0.656,0.613915416098227,3.5,0.324324324324324,6,0.75,,,,,"Member body","Affiliate country"
95,"Lesotho",45.8735664167481,0.313357017509468,0.5,0.616138131208354,2756.884880364,0.091656509689487,109.150481876,0.968320953800437,356.510165147,0.698028082593649,429.300358519,0.235902468602527,201.234663837,0.590628080147223,446.748081595,0.257987830829698,146.078690886,0.748010502035477,130.514684133,0.954965921327615,0.542300495,0.999742831849073,4576.964306852,,,-0.673170269,0.345697688714384,0.503,0.40518417462483,3,0.189189189189189,4,0.5,,,,,"Correspondent member","Affiliate country"
96,"Liberia",0,0.190483652005814,0,0.770410576223697,647.938391194,0.850934428780742,290.359789506,0.80863691556652,228.487607092,0.811506221219291,171.717104968,0.714911319104374,120.94383128,0.758759355726323,262.371310964,0.589236833150971,296.504609287,0.450521995226188,144.694256596,0.949346657843977,0.334320748199999,0.999841459394885,2163.3512216352,455.8739345,0.0849637315324243,-1.367290854,0.19044356827765,0.423,0.296043656207367,,,0,0,,,,,,
97,"Libya",65.1460658172971,0.329011000605161,1,0.840338308477616,1834.249868989,0.423830130554211,256.668007933,0.838326559035921,129.689776804,0.899079802404238,89.119304903,0.868512443081493,54.85599977,0.897149145172643,165.452470536999,0.763360010857723,60.6607238299999,0.916936600305558,127.949763555,0.95598238106785,0.2789781092,0.999867703818909,2718.9248944302,4643.305762,0.477882601079884,-1.697193861,0.116654082289104,0.616,0.559345156889495,2.9,0.162162162162162,8,1,,,,,"Member body","Full member"
98,"Lithuania",80.6509901189741,0.764150317774902,0.875,0.784589079797293,781.999807805,0.802668683795014,659.946817905,0.482951938643983,335.994409396999,0.716213079131589,137.533387169,0.778480293962192,49.92838949,0.907467700548749,128.36541282,0.829990155347963,223.421514966,0.595054139910187,146.514480002,0.948625316284202,0.3154450951,0.999850410551762,2464.0196646491,14172.22107,0.666787327984472,1.200910807,0.764873859784875,0.882,0.922237380627558,4.9,0.702702702702703,7,0.875,,,,,"Member body","Associate member"
99,"Luxembourg",93.5780923831167,0.890278400722706,1,0.920442633255879,400.099158287,0.940163272659497,514.449318871,0.611166258882565,19.191607134,0.997024467830349,26.631023502,0.984717357147471,12.082487228,0.986718090912241,96.071441658,0.888009100423281,54.404919501,0.929308337227677,150.36695404,0.94709860828649,0.4677057859,0.99977820593334,1273.7646160069,101449.9682,1,1.724770665,0.882045721912985,0.783,0.787175989085948,5.6,0.891891891891892,8,1,,,,,"Member body","Full member"
166,"Macedonia",76.9674389398201,0.553624356446573,0.875,0.941234561955683,563.845550641,0.881210131513571,220.525171608,0.870176104366053,64.825144364,0.956575277137412,37.78206883,0.963980568824384,22.508337861,0.964886064638519,84.883900126,0.908108497750938,31.195697375,0.975207853134657,139.026006218,0.95159294506091,1.32088207499999,0.9993736151747,1165.912759098,4852.657847,0.48534834032393,0.126113757,0.524473741632858,0.673,0.637107776261937,4.4,0.567567567567568,7,0.875,,,,,"Member body","Associate member"
100,"Madagascar",42.0951732651245,0.19332606119895,0.5,0.771678671983085,630.913348868,0.857063905643293,280.139781535,0.817642921742121,242.645572871,0.798956717227687,227.852188982,0.61052098434588,158.661825117,0.679776809224549,214.48743064,0.675264414230262,237.563555128999,0.567086257406638,128.81855946,0.955638083444178,35.515477066,0.983157954583158,2156.597739668,411.8160557,0.0677570611487371,-1.292099118,0.207261722196527,0.492,0.390177353342428,2.7,0.108108108108108,4,0.5,,,,,"Correspondent member","Affiliate country"
101,"Malawi",48.5166775892678,0.215316171148526,0.75,0.707188592745229,781.574472785,0.802821815934952,381.108699366,0.728667776115035,325.869792141,0.725187456287951,296.599022113,0.482677496620066,230.828230269,0.528658314550202,222.077034414,0.661629026922266,254.763104022,0.533071719404401,136.6694225,0.952526842388721,106.582231819999,0.949456886483463,2736.07200943,381.3705362,0.054754597846863,-0.674869359,0.345317652839936,0.445,0.326057298772169,2.8,0.135135135135135,6,0.75,,,,,"Member body","Affiliate country"
102,"Malaysia",84.5207010320344,0.673093785373644,1,0.897043886594039,1238.97604644299,0.638144847211679,131.071766373,0.94900362800996,138.345791493,0.891407182439857,64.180936897,0.914888513059897,40.71862204,0.926753214222506,67.101203604,0.94005666812693,96.352561377,0.846350948776864,99.717907142,0.96717046450484,0.802347767599999,0.999619512993816,1877.26718313659,9766.165752,0.603750109727193,0.96442771,0.711979627836848,0.7,0.673942701227831,4.9,0.702702702702703,8,1,,,,,"Member body","Full member"
103,"Maldives",0,0.486073884005603,0,0.876174072321778,308.66523739,0.973081963365752,223.046424799,0.867954342712556,361.219188198,0.693854043434526,134.259881452,0.784567794562463,42.754958849,0.922489067316783,117.706763558,0.849139351431866,104.61731581,0.830006229186292,93.561585527,0.969610170873631,10.831141117,0.994863688012138,1396.6624967,7681.075767,0.563092420249915,-0.382025182,0.410818181289405,0.561,0.48431105047749,,,0,0,,,,,,
104,"Mali",45.0092901207425,0.198551220364242,0.75,0.612311852282729,689.713237807,0.835894351296766,305.132986978,0.795618578590294,571.386422962,0.507563541483527,278.790690936,0.515794355456396,215.5815484,0.560585297860082,546.042481437,0.0795967527606593,376.974372193,0.291381669777829,207.420135848,0.924488839057155,0.2461230224,0.999883284261853,3191.2879995834,744.3461061,0.167965446120299,-0.911282539,0.292439059244342,0.312,0.144611186903138,3,0.189189189189189,6,0.75,,,,,"Member body","Affiliate country"
105,"Malta",83.6724209187947,0.72458341110424,0.875,0.923954455972603,274.714035913,0.985305316466688,512.880133465,0.612549045813573,33.6704863,0.98419050886167,28.251321055,0.981704207582685,11.5966118759999,0.987735527649445,127.058639191,0.832337888521641,29.763579369,0.978040068830651,132.652884349,0.954118567824833,0.8245755453,0.999608972202239,1151.4122670633,,,0.850959003,0.686600054484506,0.781,0.784447476125512,4.9,0.702702702702703,7,0.875,,,,,"Member body","Associate member"
106,"Marshall Islands",0,0.138983996415309,0,0.829251553134701,888.600666076,0.76428948439048,148.220558185,0.933891885885961,544.225890189,0.531638413521599,83.914742572,0.87819098928032,74.5191995519999,0.855973848366904,158.232089598,0.776332057033809,133.24606698,0.773388828887798,144.159770571,0.949558470845436,0,1,2175.118983723,,,-1.597359776,0.138983996415309,,,,,0,0,,,,,,
107,"Mauritania",41.7103350992155,0.184514432561915,0.5,0.786557887727775,527.604855597,0.894257764377057,291.381543502,0.807736532433353,260.468176566,0.78315890843916,165.108870715,0.727200171930552,102.900026832,0.796543592874299,273.426715285,0.569374831885537,247.774971649,0.546891738501692,133.123167325,0.953932198034001,0.1576259706,0.999925251074319,2001.9459534416,,,-1.028587699,0.266201385514365,0.377,0.233287858117326,2.5,0.0540540540540541,4,0.5,,,,,"Correspondent member","Affiliate country"
108,"Mauritius",76.7430091140099,0.655673297755788,0.75,0.919110465373517,598.86528179,0.868602078758087,213.203346357,0.876628193602606,161.486153957,0.870895756176923,117.849453817999,0.815085073806512,6.773741916,0.997834753831354,33.736097976,1,93.310308876,0.852367432927199,39.924256271,0.990866262087565,0.601755709799999,0.99971463717141,1265.7503966708,9116.827715,0.59210253611298,1.035815477,0.72794694708229,0.725,0.708049113233288,4.5,0.594594594594595,6,0.75,,,,,"Member body","Affiliate country"
109,"Mexico",79.194089669656,0.551386023937811,1,0.90078793189011,849.522370845,0.778358730261344,178.492092526999,0.907216209506594,141.517119482,0.88859614348992,42.874965584,0.954509678981092,25.689558242,0.958224499133191,95.274875639,0.889440200979895,147.761835250999,0.744681846247893,48.061879352,0.987641380072117,3.326117439,0.998422698338944,1532.520814361,9009.261163,0.590093246995482,0.21091041,0.543440229678295,0.655,0.612551159618008,4,0.459459459459459,8,1,,,,,"Member body","Full member"
135,"Moldova",62.1285301066257,0.46102766764496,0.625,0.832273812132005,633.470294997,0.856143335706585,324.921333231,0.778180826186857,226.194784044999,0.813538560640753,152.463011909,0.750716756206755,62.490726123,0.88116181212916,86.791237118,0.904681799943355,246.898946352,0.548624202297173,123.285048175999,0.957830974518689,0.872930286299999,0.999586041558719,1857.3883122373,1843.242802,0.321474503904853,-0.631010413,0.355127593982241,0.725,0.708049113233288,4,0.459459459459459,5,0.625,,,,,"Correspondent member","Associate member"
111,"Mongolia",65.147199315667,0.523858708361056,0.75,0.703739323325295,1292.157266289,0.618998166085927,582.662178203,0.551056185177871,325.491791591,0.725522512855053,315.66740945,0.447217402948209,155.241123866,0.686939854448888,231.513450853999,0.644675679054526,163.378485013,0.713797714919695,150.451401713999,0.947065142275296,3.41351660599999,0.998381252162189,3219.976623586,3973.439834,0.451507994128353,-0.403597325,0.405993134806451,0.737,0.724420190995907,4.2,0.513513513513514,6,0.75,,,,,"Member body","Affiliate country"
112,"Montenegro",74.0287596584367,0.602934335651059,0.75,0.897160488462796,609.145732597,0.864900837718476,219.213636592,0.87133184636617,48.319407506,0.971205826032442,63.762068748,0.915667451705163,38.697864511,0.930984737675021,188.161118422,0.722561937812902,68.543979432,0.901346348553973,278.184539638,0.896445410301021,0,1,1514.028347446,6415.034084,0.532600498168443,0.161196575,0.532320724086249,0.797,0.806275579809004,4.3,0.54054054054054,6,0.75,,,,,"Correspondent member","Full member"
113,"Morocco",67.7347201978823,0.429217583875741,0.875,0.827462774150682,979.364477098,0.731612051408907,244.823377579,0.848764203939773,189.952622168,0.845663313747187,81.793637946,0.882135453350432,69.195602555,0.867121611134705,233.345595188,0.64138407143677,171.682343353,0.697375661828171,181.760569103,0.934657542436076,3.266314161,0.998451058074118,2155.184539151,2871.513588,0.396523437582312,-0.060515676,0.482730290863391,0.503,0.40518417462483,3.9,0.432432432432432,7,0.875,,,,,"Member body","Associate member"
114,"Mozambique",41.959789203461,0.205942225850426,0.5,0.717438182723938,990.359019488,0.727653718037194,336.671061814,0.767826809978612,324.131269008,0.726728468841424,310.580967925,0.45667628847142,161.766121164,0.673276325451551,257.027521729,0.598837418119733,240.247882903,0.561777619973922,137.130124494,0.952344269472755,17.243735783,0.99182272616883,2775.157704308,525.0081551,0.108867212721377,-0.741717458,0.330365722242585,0.369,0.22237380627558,2.9,0.162162162162162,4,0.5,,,,,"Correspondent member","Affiliate country"
115,"Myanmar",43.2650893901855,0.200261446657105,0.5,0.808808045336143,811.579730362,0.792019109630238,601.842440665,0.534154284252493,254.618795589,0.788343751450163,114.948081317999,0.820480545316958,67.045778269,0.871623404028925,140.854448546,0.807552509813582,133.27607885,0.773329476174597,196.125428192,0.928964851183426,78.43564963,0.962804476174906,2398.726431421,1203.505387,0.249307735076073,-1.237939239,0.219375675533763,0.41,0.278308321964529,2.5,0.0540540540540541,4,0.5,,,,,"Correspondent member","Affiliate country"
116,"Namibia",65.2907530041719,0.455471959048993,0.75,0.814764548151567,1487.154979259,0.548793702154893,75.08834824,0.998336956405368,218.113674782,0.820701589181407,174.832169432,0.709118460183736,93.989633024,0.81520220966953,244.920398109,0.62058892513648,98.996784072,0.841121624804184,65.720546991,0.980643375972031,3.428620039,0.998374089856469,2462.245153948,4695.76515,0.479784503827363,0.257816851,0.553931804770067,0.546,0.463847203274216,3.5,0.324324324324324,6,0.75,,,,,"Member body","Affiliate country"
117,"Nepal",52.6504361606613,0.259575430405757,0.75,0.749688887829404,898.446422069999,0.760744745270074,322.961900383,0.779907504324471,62.3483560049999,0.958770681892785,197.961484082,0.66610655521454,42.022217531,0.924023448373019,116.088776849,0.852046206136453,94.961747527,0.849101479668643,126.645201817,0.95649936958465,2108.738943934,0,3970.175050198,732.2987163,0.165203019547276,-1.0434798,0.262870465653791,0.475,0.366984993178718,3.2,0.243243243243243,6,0.75,,,,,"Member body","Affiliate country"
118,"Netherlands",95.0472540714564,0.914276229702939,1,0.939163693186203,325.897568837,0.966877856799104,471.201352775,0.649276938526646,23.977791716,0.992782033327121,27.070660144,0.983899796845628,11.242712208,0.988476603569484,80.084829824,0.916730447490955,24.7440329989999,0.987966930972125,101.504044142,0.966462631144768,0,1,1065.722992645,44433.41433,0.860237648742006,1.841792822,0.90822009629297,0.897,0.942701227830832,5.8,0.945945945945946,8,1,,,,,"Member body","Full member"
119,"New Zealand",94.1539740580663,0.896695047902732,1,0.930831764480935,515.788746998,0.898511883860353,375.739019364,0.733399609142586,55.1083008759999,0.965188206992018,28.349086642,0.981522400028032,15.200773487,0.980188311239396,117.61886999,0.849297259917902,24.125989876,0.989189198569088,59.925491223,0.98293991526105,5.800939834,0.997249095317992,1197.65721829,37807.96728,0.832901887766212,1.89010942,0.919027081544654,0.917,0.969986357435198,5.5,0.864864864864865,8,1,,,,,"Member body","Full member"
120,"Nicaragua",48.0517712490567,0.319924537741954,0.375,0.924803328127269,669.823214412,0.843055299026633,134.923669975,0.945609279617486,171.243667137,0.862246777043059,24.539229344,0.988607314671094,25.4951999519999,0.958631490892728,80.799421994,0.915446620127188,103.060400579,0.833085249026903,61.88583211,0.982163046142425,11.840829393,0.994384876597902,1283.611464896,2086.895003,0.342492150334277,-0.803022265,0.316653661118035,0.542,0.458390177353343,2.9,0.162162162162162,3,0.375,,,,,"Correspondent member",
121,"Niger",34.8587303834721,0.13497800652583,0.5,0.627627091644738,622.372189537,0.860138954591557,301.206903532,0.79907829524227,589.066091925,0.491892428861509,274.177547544,0.524373082850118,220.128032379,0.551064831744021,466.718524693999,0.222109182289442,385.035993531,0.27543867458261,206.810655072,0.924730371943813,0.3837847999,0.999818002697297,3065.8997230139,358.958152,0.0445013749407557,-0.607292235,0.360432644636735,0.206,0,,,4,0.5,,,,,"Correspondent member","Affiliate country"
122,"Nigeria",59.0507891558309,0.319651208347276,0.875,0.736194746868995,377.957616000999,0.948134828238891,374.455726705,0.734530463604232,259.513733909,0.78400491853134,196.163333021,0.669450446018325,132.668600418,0.734207357344155,332.460505888,0.463315461317524,347.955105826,0.348771369052967,159.64837512,0.943420447277955,0.1741176561,0.999917430435569,2180.9971145441,2640.290739,0.38231140790294,-0.951978087,0.283336676103765,0.477,0.369713506139154,3.2,0.243243243243243,7,0.875,,,,,"Member body","Associate member"
46,"North Korea",45.5627595186619,0.131683349557273,0.875,0.820901671741538,1633.43548774699,0.496128752779111,310.05286146,0.79128312013529,278.360419907,0.767299371643297,61.876111431,0.919174629419777,99.379336461,0.803916018145578,197.686627507,0.70544852721237,40.488908417,0.956829215292618,145.740166772,0.948932171097321,1.891032844,0.999103239948482,2768.91095254599,,,-1.63,0.131683349557273,,,,,7,0.875,,,,,"Member body","Associate member"
123,"Norway",95.4130406847138,0.943904791628442,1,0.920227099651616,309.893954545,0.972639591873924,505.986204371,0.618624067297988,42.073585792,0.976742070840079,61.797589296,0.919320651325731,29.846644611,0.949519442632297,87.2828473799999,0.903798579089334,32.516961801,0.972594866055242,81.59619174,0.974351971132424,11.697899026,0.994452656617525,1162.691878562,74734.56409,0.948260727403056,1.862226009,0.912790392209787,0.916,0.96862210095498,5.8,0.945945945945946,8,1,,,,,"Member body","Full member"
124,"Oman",80.4459843860391,0.600944515493667,1,0.866320786685137,2204.634994268,0.290481442653233,185.368373059,0.901156740168401,112.753466237,0.914092008280512,35.263586324,0.96866400764883,13.921860955,0.982866390274218,147.362356074,0.795860484465316,38.274182589,0.96120914852864,51.633920521,0.986225805621237,7.736852422,0.996331052525844,2796.949592449,15645.08073,0.683525607456423,0.093591452,0.517199469746295,0.652,0.608458390177353,4.5,0.594594594594595,8,1,,,,,"Member body","Full member"
125,"Pakistan",61.5675587324215,0.288708573038396,1,0.808343815325693,719.695398584,0.82509996046631,96.106674755,0.979815329129537,483.963219448999,0.585054747393379,160.044210497,0.736618552340621,78.130018665,0.848412690959262,68.808859214,0.936988715395223,144.079537131,0.751964111039689,944.822654128,0.632261477863714,44.539195369,0.978878753343499,2740.189767792,1428.988637,0.278379845134543,-0.661358178,0.348339701987516,0.395,0.257844474761255,3.3,0.27027027027027,8,1,,,,,"Member body","Full member"
156,"State of Palestine",65.6191993898317,0.612551159618008,0.5,0.922529815748601,777.665153146,0.804229277004166,240.162457339,0.85287146849226,76.522084419,0.94620720603164,45.317364857,0.949967726613856,21.349739109,0.967312203213179,75.239792932,0.925434980232212,71.3648158129999,0.895767746064075,115.2937999,0.960997849242393,0.0424176136,0.99997988484363,1422.9576251286,,,,,0.655,0.612551159618008,,,4,0.5,,,,,"Correspondent member","Affiliate country"
126,"Panama",74.6116245684085,0.611904248815361,0.75,0.905054551257635,835.369620472,0.783454104140108,173.474976327,0.911637358649443,221.032160333999,0.818114667680398,38.635940291,0.962392686144235,36.443743738,0.935704930364575,79.379696399,0.917997281391642,99.927454721,0.839281092104465,72.888523573,0.977802757951713,1.88503781799999,0.999106082892137,1559.037153673,13268.11374,0.655627641264374,0.297274888,0.562757393523634,0.691,0.661664392905866,4.4,0.567567567567568,6,0.75,,,,,"Member body","Affiliate country"
127,"Papua New Guinea",48.5779166939427,0.323987014243665,0.5,0.707650877321445,1531.984098256,0.532654003797666,167.736457661,0.916694217185311,867.063086479999,0.245478187770724,148.224458097999,0.758598886589101,134.787440766,0.729770445692942,247.915647923999,0.615207696744607,192.328274716,0.656545415563741,222.599785775,0.918473252003894,9.624726226,0.995435790545014,3522.263975902,,,-0.620907128,0.357387398200836,0.419,0.290586630286494,,,4,0.5,,,,,"Correspondent member","Affiliate country"
128,"Paraguay",55.9699451047147,0.399184869404859,0.5,0.878457119545944,1305.285003036,0.614271824905235,210.559205152,0.878958245799137,165.954325348,0.866935205940978,65.788428765,0.91189917729654,22.910904954,0.964043077753257,97.662990447,0.885149743755423,95.334235812,0.84836483145744,175.536738243,0.937124002237399,1.33279309,0.999367966768085,2140.364624847,4160.606562,0.459300243828645,-0.945035398,0.284889549044655,0.613,0.55525238744884,3.4,0.297297297297297,4,0.5,,,,,"Correspondent member","Affiliate country"
129,"Peru",68.0468403175631,0.493248475758503,0.75,0.851720061462898,662.879692390999,0.845555155224191,145.984150003999,0.935862638349796,127.399514895,0.901109871654119,61.907060444,0.919117075790273,40.292608901,0.927645297791607,166.169065051,0.762072586107743,326.51622314,0.391169788592051,54.378301138,0.985138227146883,4.618322782,0.997809912509424,1590.144938746,6121.864473,0.524681464091839,-0.277530462,0.434190540782076,0.672,0.635743519781719,3.7,0.378378378378378,6,0.75,,,,,"Member body","Affiliate country"
130,"Philippines",76.2787869951385,0.491457826430117,1,0.903077618282307,607.708003372,0.865418459222758,188.348710071,0.898530427780817,328.909675591,0.722492928692302,65.432325937,0.912561395837339,10.45011013,0.9901363347512,69.42662294,0.935878848804071,92.636444606,0.853700094729137,123.049679678,0.957924249376549,18.8609294129999,0.991055825346587,1504.822501738,2899.375278,0.398158115931675,0.107092209,0.520219187355254,0.637,0.587994542974079,4,0.459459459459459,8,1,,,,,"Member body","Full member"
131,"Poland",85.0093415404397,0.692370457994571,1,0.887281502335677,732.419267297,0.82051902272853,466.168345883,0.653712090757429,106.532790232,0.919605964139271,78.75089068,0.88779382923536,15.1133746839999,0.980371326806237,97.395956982,0.885629492742049,85.5249410959999,0.867764097680539,92.17709885,0.970158833073986,0.04457060641,0.999978863857692,1674.12723631041,12494.46619,0.645456993992567,0.799756527,0.675147584197138,0.852,0.88130968622101,4.4,0.567567567567568,8,1,,,,,"Member body","Full member"
132,"Portugal",87.6004030528707,0.735841105312413,1,0.913554094739348,612.385943532,0.863734273925238,424.471730366,0.690455699755906,39.387054858,0.979123389682493,40.692577022,0.958568108331683,16.2044045279999,0.978086679437107,83.9795509819999,0.909733240123173,58.812671341,0.920591385207666,209.850096144,0.923525863114571,3.862760423,0.998168213076298,1489.646789196,19222.9356,0.718390707262806,1.232457638,0.771929947164089,0.756,0.750341064120055,4.9,0.702702702702703,8,1,,,,,"Member body","Full member"
133,"Qatar",87.0371900922663,0.773759944715424,1,0.852134878484695,1629.527285695,0.497535811486699,335.11610236,0.769197060812591,94.008498127,0.93070739327232,82.698318874,0.880453083998317,26.004938991,0.957564082919611,205.260235816,0.691841877156929,18.659477064,1,163.448217791,0.941914596715786,0,1,2554.723074718,74667.19707,0.948108056652607,0.995639503,0.718960777184938,0.698,0.671214188267394,5.1,0.756756756756757,8,1,,,,,"Member body","Full member"
136,"Romania",79.8271309154452,0.58967346122012,1,0.86266063161622,723.553309217,0.823711008033184,435.750978068,0.680516277521737,166.262534913,0.866662011526851,93.975366326,0.859481978685495,32.220155117,0.944549244463149,107.064808253,0.868258555361215,137.990724761,0.764005597769154,123.955064919,0.957565451659858,1.69635495699999,0.999195559525336,1822.469296531,8972.922518,0.58940903437244,-0.038319573,0.487694898631633,0.769,0.768076398362892,4.2,0.513513513513514,8,1,,,,,"Member body","Full member"
137,"Russian Federation",76.8276405030474,0.618300069829888,1,0.733420746876135,1187.62124329799,0.656633968802727,561.212468892,0.569957952678234,314.292917028,0.735449102820279,266.89521037,0.537915515871658,100.110715721,0.80238448927734,198.419112712,0.704132553445496,179.153168574,0.682601049425913,237.512821332,0.912563322324821,1.795027674,0.99914876723875,3047.01268560099,9057.11306,0.590990042379682,-0.182619989,0.455419189412125,0.816,0.832196452933151,4.5,0.594594594594595,8,1,,,,,"Member body","Full member"
138,"Rwanda",55.9494264159509,0.344234834776395,0.75,0.678376563863889,1240.52539467799,0.637587039837306,446.625612676,0.670933405696691,363.822816871,0.691546208471898,305.686588399,0.465778010257866,208.540214226,0.57533005088793,233.341031708,0.641392270127917,283.43515005,0.476368697407227,151.159148663,0.946784667204799,0.6985727396,0.999668724883367,3233.83453001059,697.3482281,0.156924071087484,-0.039430533,0.48744640993764,0.426,0.300136425648022,3.9,0.432432432432432,6,0.75,,,,,"Member body","Affiliate country"
139,"Saint Lucia",72.5105056154088,0.561951384539035,0.75,0.904571272932916,646.280357614,0.851531365826262,116.374006028999,0.961955488791397,217.91877225,0.820874349176839,87.813596474,0.870940574122792,18.84487574,0.972557457994692,136.510015,0.815357664838472,80.846232595,0.87701690478023,79.038139665,0.975365708933885,9.400880663,0.995541941931673,1393.02687603,7764.314001,0.564917124069228,-0.08,0.478372227365066,0.677,0.642564802182811,,,6,0.75,,,,,"Member body","Affiliate country"
140,"Saint Vincent and the Grenadines",49.1006869643843,0.553320567618408,0.25,0.855747979879703,574.871012941,0.87724066613588,231.327745132,0.860656733721178,330.268056132,0.721288871394276,113.166798837,0.82379306684885,24.195743026,0.961352590469985,227.219681256,0.652389811863486,110.213144216999,0.818939687895705,50.507957349,0.986672016799526,1.268672622,0.999398373788444,1663.038811512,6864.238393,0.544058253892108,0.019483725,0.500623776384672,0.657,0.615279672578445,,,2,0.25,,,,,"Subscriber member","Affiliate country"
141,"Sao Tome and Principe",0,0.369996048517906,0,0.830358774111406,718.230195343,0.825627473361296,421.609869227,0.692977609637452,120.548042469,0.907182960253187,50.992716569,0.939413687629251,76.766381972,0.851268184784884,206.129089929,0.690280904713877,223.236926831,0.595419189026985,89.905736968,0.97105895759572,0,1,1907.418959308,,,-0.758453429,0.326622383529673,0.509,0.413369713506139,,,0,0,,,,,,
142,"Saudi Arabia",83.518832781514,0.671941940034005,1,0.867004795690654,1221.708487719,0.644361636553213,282.571744174,0.815499844103844,108.100380749,0.918216464845561,85.892382776,0.874513315566036,44.6553371149999,0.918509621447686,167.930137831999,0.758908664754068,80.655835336,0.87739344226049,22.758879641,0.997668778477361,4.277802145,0.99797139320763,2018.550987487,20481.74532,0.729128824581568,0.210185751,0.543278145023132,0.768,0.766712141882674,4.7,0.648648648648649,8,1,,,,,"Member body","Full member"
143,"Senegal",53.1453964988351,0.26865263665457,0.75,0.74497994893407,643.388461322,0.85257252690365,309.431599453,0.79183058443156,345.27531825,0.707986558138779,178.366818,0.702545331208368,123.463652562,0.753482778651683,342.656415887,0.444997616811583,268.32439471,0.5062523510398,154.658406972999,0.945397936082087,0.5190510365,0.999753857139124,2366.0841181935,910.788688,0.202129206619341,-0.43514502,0.398936854176146,0.355,0.203274215552524,3.3,0.27027027027027,6,0.75,,,,,"Member body","Affiliate country"
144,"Serbia",80.1567121217443,0.558067597741156,1,0.922853741654419,686.13672629,0.837181992418141,242.104032077,0.851160527157337,67.852210486,0.953892110715494,49.248419236,0.942657430570204,21.861905407,0.966239712491025,101.744825951999,0.877816369089823,59.636484366,0.918962178556961,122.223957442,0.95825147721226,1.008237268,0.999521876678524,1351.816798524,5143.949926,0.495217113724924,0.114140712,0.521795727739315,0.76,0.755798090040928,4,0.459459459459459,8,1,,,,,"Member body","Full member"
145,"Seychelles",63.3827883540872,0.603832210954555,0.5,0.843388630119706,746.088474989,0.815597737325934,263.441121206,0.832358002050666,550.255924463,0.52629344091944,167.187338229,0.723334996997938,25.078421459,0.959504236851767,103.264942299999,0.875085347052915,81.3933846079999,0.875934834369258,61.315472703,0.982389075509437,0,1,1998.025079957,15476.01944,0.6816862857315,0.428259969,0.59205485851812,0.706,0.682128240109141,4,0.459459459459459,4,0.5,,,,,"Correspondent member","Affiliate country"
146,"Sierra Leone",40.1557249613315,0.200039038124732,0.5,0.647377574191474,932.133756578,0.748616391432594,374.174001627,0.734778723468558,447.347993031,0.617510181829284,276.792491785999,0.519510261147937,189.43506293,0.615336778371392,377.928675152,0.381627916544233,378.20355501,0.288950787090111,216.997368261,0.920693450126134,1.320750198,0.999373677713024,3194.333654573,693.4080457,0.155964823639868,-1.257693648,0.214957202057656,0.374,0.229195088676671,,,4,0.5,,,,,"Correspondent member","Affiliate country"
147,"Singapore",96.5858855519956,0.929798974483544,1,0.969062828635276,233.898544684,1,355.389900506,0.751331521781324,16.819618759,0.999126978745035,18.412902136,1,5.739731932,1,39.424729766,0.989779875205745,20.485396089,0.996388987150114,54.815754993,0.984964867302671,0.05645614465,0.999973227532591,745.04303500965,52888.74467,0.889727957961462,2.252128601,1,0.814,0.829467939972715,6,1,8,1,,,,,"Member body","Full member"
148,"Slovakia",84.6826321238044,0.681583828780008,1,0.890971407887492,576.048484072,0.876816744602201,479.777809232,0.641719251679857,87.890954455,0.936129933482471,47.2507672379999,0.946372318762946,21.312940225,0.967389261117671,127.308873925,0.831888319925228,86.26736817,0.866295843246683,136.559735984,0.952570310373078,0.9263947504,0.99956068779729,1563.3433280514,15962.57224,0.686926701699566,0.84,0.684148851612272,0.823,0.841746248294679,4.2,0.513513513513514,8,1,,,,,"Member body","Full member"
149,"Slovenia",88.3028440937595,0.748615053513419,1,0.919740941849762,489.183049649,0.908090656305675,566.017767414,0.56572346007436,36.578564323,0.981612812508451,23.772880377,0.990032438131977,15.122737386,0.980351721043287,70.76364127,0.933476778378485,51.7417676749999,0.934575096231343,55.059866281,0.984868127739459,2.240775029,0.998937386234818,1310.481049404,20713.07475,0.731030152537305,0.973970354,0.714114033346319,0.886,0.927694406548431,4.6,0.621621621621621,8,1,,,,,"Member body","Full member"
150,"Solomon Islands",0,0.308749757319953,0,0.779766120681306,986.09784618,0.729187855967577,152.16304455,0.930417714764846,709.626078606,0.385029051897783,131.863332354,0.789024482692527,99.41465687,0.803842056209576,205.051037483,0.692217720268056,137.142953463,0.7656821852897,190.44119399,0.931217472675865,18.395486404,0.991276546365819,2630.1956299,1982.26969,0.333784691609167,-1.027667165,0.266407281578522,0.445,0.326057298772169,,,0,0,,,,,,
151,"Somalia",0,0.0586561867357911,0,0.49378641495726,1002.473756671,0.723292084166499,385.890272446,0.724454190684402,681.248307228,0.410182874186945,451.661460102,0.194319153625465,483.288196847,0,390.286929904999,0.359425230471833,466.697756201,0.113941001187309,216.446234845,0.92091186036997,5.163584865,0.997551339922918,4083.15649911,551.8626686,0.117312373471582,-2.218738794,0,,,,,0,0,,,,,,
152,"South Africa",76.2521783193089,0.552042112819973,1,0.803127607601292,1972.636580467,0.374007162138236,86.747860769,0.988062439776944,163.712922949,0.868921966524533,215.464248322,0.633557936996441,65.951549914,0.873914749170606,220.561423339,0.664351954841996,98.225323018,0.842647298035602,57.284126524,0.983986669261482,2.744963058,0.998698291665786,2883.32899836,5691.68677,0.512346903497556,0.265266657,0.555598104693955,0.705,0.680763983628922,4,0.459459459459459,8,1,,,,,"Member body","Full member"
134,"South Korea",90.4523029620616,0.817643084866048,1,0.905096984563039,634.607393295,0.855733949487474,503.280432895,0.621008428904335,65.108516719,0.956324098221197,54.847018328,0.932246122853149,21.839347028,0.966286950375046,92.564627994,0.89430939803426,42.035547085,0.95377051880728,96.843531355,0.968309559138356,4.462439028,0.997883835246256,1515.588853727,27221.52405,0.777287743250849,1.03,0.726646197924195,0.867,0.901773533424284,5.5,0.864864864864865,8,1,,,,,"Member body","Full member"
153,"South Sudan",19.4791658087961,0.099858628876063,0.125,0.592127800130738,1015.925500542,0.718449091635882,396.064575762,0.715488460055195,617.682933807,0.466526696451143,352.726294659,0.378301688280724,318.02947633,0.346056437531246,377.398915589,0.382579675955754,327.306101099,0.389607693328932,187.372451182,0.932433593574197,0.6181465324,0.999706864363568,3593.1243955024,730.5801009,0.164805247061925,-2.171243429,0.010623299866401,0.297,0.124147339699864,,,1,0.125,,,,,,"Affiliate country"
154,"Spain",88.673791133837,0.75289627543026,1,0.926084639834626,390.844512731,0.943495195994571,467.429263517,0.652600953463705,35.47105589,0.98259449884091,27.570387465,0.9829704902766,14.637953427,0.981366872372663,83.506706869,0.910582745948385,59.025350492,0.920170782137843,114.023068454,0.961501431055642,1.099099154,0.999478788421316,1193.607397999,25831.58231,0.76841517466057,1.177315593,0.759596312518233,0.818,0.834924965893588,4.7,0.648648648648649,8,1,,,,,"Member body","Full member"
155,"Sri Lanka",75.0709530445828,0.544768650260056,0.875,0.887555721146884,627.257721499,0.858380030616573,322.678871453,0.780156913160422,233.338517137,0.807206414599971,100.303324871,0.847714334217632,15.400862321,0.979769319558551,99.74646382,0.881406601526565,62.8787674939999,0.91255010558008,120.780954603,0.958823328950466,80.1438000049999,0.961994442111698,1662.529283203,3926.174396,0.44948214463475,0.008745396,0.498221931719807,0.752,0.744884038199181,4.1,0.486486486486486,7,0.875,,,,,"Member body","Associate member"
157,"Sudan",47.9837889030295,0.22052167242019,0.75,0.667991709683264,2171.28749936799,0.302487445017262,346.037163399,0.759573277402594,460.75778082,0.605623856631761,257.777655497,0.554870769828952,164.800824132,0.666921571555441,336.07268706,0.456825861758243,141.338899266,0.757384109633219,247.665983625,0.908539696488049,0.635154629,0.999698798833859,4126.37364779599,2089.400212,0.342695253651211,-1.476248264,0.166073037824912,0.318,0.152796725784448,,,6,0.75,,,,,"Member body","Affiliate country"
158,"Suriname",57.8799461839748,0.4569762509691,0.5,0.848634573875571,1058.161444962,0.703243006438959,173.798610922,0.911352167564516,287.005282007,0.759636637241741,112.929649185,0.824234076816057,37.980941124,0.9324859955361,153.315346688,0.785165415911035,154.364155605,0.731624824928253,41.88058665,0.990090982304671,0.2571435516,0.999878058138804,2019.6931606946,8983.633876,0.589611003841484,-0.356148571,0.41660600917912,0.63,0.578444747612551,3.2,0.243243243243243,4,0.5,,,,,"Correspondent member","Affiliate country"
159,"Swaziland",49.0470530026014,0.360564607226474,0.5,0.654463837952934,3011.467121542,0,88.262208737,0.986727976321483,337.17721235,0.715164652358163,306.453602388999,0.46435165010206,167.868891731,0.660496951177808,395.952351391,0.349246805019728,144.909892697,0.750321965589783,106.430891901,0.964510156500428,1.361434533,0.999354384506951,4559.883607271,3154.752981,0.412448810498006,-0.528136253,0.378137482424705,0.545,0.462482946793997,3,0.189189189189189,4,0.5,,,,,"Correspondent member","Affiliate country"
160,"Sweden",94.307851221123,0.903476202660897,1,0.928382255874096,309.763127007,0.972686693334925,429.767649621,0.68578886567404,35.269305226,0.982773328964015,54.32011676,0.933225963393774,23.416352633,0.962984656009425,97.5621864199999,0.885330847010781,31.081581255,0.975433533885039,124.249351210999,0.957448828100249,0.4900994099,0.999767586494616,1105.9197695429,50272.9415,0.881140909326217,1.811370373,0.90141549970976,0.855,0.885402455661664,5.8,0.945945945945946,8,1,,,,,"Member body","Full member"
161,"Switzerland",94.9536486865001,0.939869476398624,1,0.910893131325524,324.785150588,0.967278357531388,701.711559668,0.446148295896614,27.684180532,0.989496720877092,26.9810901949999,0.984066363568109,12.814391812,0.98518546200068,89.500268223,0.899814788509553,34.207338467,0.969251907370602,104.561273474,0.965251072954897,17.828938144,0.99154521322078,1340.074191103,80214.73015,0.960240525152435,2.009819984,0.94580277257362,0.891,0.934515688949523,5.7,0.918918918918919,8,1,,,,,"Member body","Full member"
162,"Syria",0,0.209335117860184,0,0.931070551610002,660.833716393,0.846291762059048,162.223004736,0.921552744813894,58.468314819,0.96220991837007,60.144701274,0.922394407016412,47.679088311,0.912177800872075,91.791263549,0.895698814932931,37.90326009,0.961942700176803,124.253705144,0.957447102667639,0.1693030981,0.999919713581149,1243.4663574141,,,-1.633895159,0.13081211839431,0.417,0.287858117326057,,,0,0,,,,,,
163,"Taiwan",0,0.838236075933248,0,0.928781994345881,775.587139651,0.804977418206624,290.373922326,0.808624461538641,100.029329769,0.925370577807196,32.0833933069999,0.974577981404681,20.576281531,0.968931845270111,57.135400129,0.957961106127042,49.433024833,0.939140961395897,58.650207939,0.983445300935249,8.417460776,0.996008296427486,1392.286160261,,,1.409849763,0.811607287001631,,,5.5,0.864864864864865,0,0,,,,,,
164,"Tajikistan",46.8313269727926,0.344448898046655,0.375,0.795157800691759,391.713483259,0.943182343042806,381.493684836,0.728328521827742,440.819468349,0.623297012214025,242.750137113,0.582816353277334,96.398615278,0.810157732656231,139.57984047,0.80984245475665,168.2207454,0.704221460857744,116.19272409,0.960641611994154,12.7943188999999,0.993932715599148,1989.963017695,925.9118877,0.204917120351886,-0.819396198,0.312991299532828,0.658,0.616643929058663,3.2,0.243243243243243,3,0.375,,,,,"Correspondent member",
178,"Tanzania",52.5273099962188,0.26636866897438,0.75,0.725456000906752,705.52690886,0.830201000938199,373.853929341,0.735060775399685,261.963321826999,0.781833624022329,282.783107832,0.508369948000892,175.607751589,0.644291559627911,214.271154255,0.675652973681172,320.605444722,0.402859188027619,131.668010727,0.954508866220257,7.747354539,0.996326072242709,2474.026983692,864.8575023,0.193369041203026,-0.598871231,0.362316172654009,0.441,0.320600272851296,3,0.189189189189189,6,0.75,,,,,"Member body","Affiliate country"
165,"Thailand",76.2003310125552,0.536250539778765,1,0.825092864654662,1514.26596567,0.5390330119466,342.166679910999,0.762983998636316,380.177539773,0.677049517100837,88.904477889,0.868911941261652,23.8347929549999,0.96210843013343,91.1488197739999,0.896853021391738,126.455037389,0.786819049385696,180.115818512,0.935309345370178,6.81656893,0.996767466665512,2753.885700803,5816.44069,0.516017450096274,0.356810242,0.576073680664376,0.641,0.593451568894952,4,0.459459459459459,8,1,,,,,"Member body","Full member"
12,"Bahamas",67.3374108672122,0.698794212628607,0.5,0.873876251716148,872.982572764,0.769912421459298,170.691148378,0.914090504652034,282.122776844,0.763964449512835,139.907666016,0.77406502019888,23.850347498,0.962075858480199,89.284672868,0.900202124430474,121.62985513,0.796361529036617,54.765224922,0.984984892009589,1.624855759,0.999229465665404,1756.859120179,22896.92369,0.747999460608625,0.705103993,0.65397662884609,0.715,0.694406548431105,,,4,0.5,,,,,"Correspondent member","Affiliate country"
63,"Gambia",46.918158998677,0.258078046112917,0.5,0.800390309075387,577.453151345,0.876311026297097,295.953429304,0.803707726205042,208.813301288,0.828945363471318,178.334582597,0.702605277043835,95.508689992,0.812021261389714,240.186066367,0.629094566388512,225.179200061,0.591578069297418,118.363613727999,0.95978130390647,1.121453352,0.999468187679074,1940.913488034,,,-0.89269346,0.296596883075303,0.358,0.207366984993179,3.3,0.27027027027027,4,0.5,,,,,"Correspondent member","Affiliate country"
167,"Timor-Leste",0,0.257448092237658,0,0.798134435520487,639.673881233,0.853909876454602,242.467061616,0.850840620726791,656.875316054,0.431786892362996,167.289376259,0.723145244291642,50.265254686,0.906762295295148,134.846486617,0.818346339145523,204.904610291,0.631673935096088,100.792234298,0.96674471631159,0,1,2197.114221054,1134.426428,0.239300719722844,-1.04535675,0.26245064778979,0.494,0.392905866302865,2.8,0.135135135135135,0,0,,,,,,
168,"Togo",28.4132629684849,0.244912242183541,0.125,0.749277730655728,868.166610599,0.771646298421014,288.926833309,0.809899655517034,271.380017512,0.773486742702562,206.417148001,0.650382171745378,119.64488076,0.761479394875085,291.089899838,0.537641375219744,272.555835545,0.497884078942565,165.24149105,0.941203935307145,0.2616456413,0.999875923171025,2483.6843622553,547.9746834,0.116115461699046,-1.179098129,0.232536680949805,0.489,0.386084583901774,,,1,0.125,,,,,,"Affiliate country"
169,"Tonga",0,0.593280245774569,0,0.756025839568874,736.230285838,0.819146952719979,140.852993354,0.94038428144528,368.525576777999,0.687377720911915,191.495672334,0.678130555262189,115.375802851999,0.770418964827971,127.969740424,0.830701015430676,399.178126826999,0.247470607895395,444.135349243999,0.830680287485612,0.164122855,0.999922170140845,2523.927670506,,,-0.329453677,0.4225768626269,0.766,0.763983628922237,,,0,0,,,,,,
170,"Trinidad and Tobago",74.1442612669346,0.608679018652737,0.75,0.892859311648739,852.893851697,0.777144905738669,210.262811743,0.879219431590717,189.903343562,0.845706993896747,91.966456966,0.863217801375946,22.969560814,0.963920250722475,96.886849497,0.886544148888283,102.152267936999,0.834881209633462,54.060010007,0.985264363653061,0.3485759407,0.999834699339289,1621.4437281637,20444.07859,0.728817204955837,0.237128109,0.549304348804109,0.717,0.697135061391542,4,0.459459459459459,6,0.75,,,,,"Member body","Affiliate country"
171,"Tunisia",72.9866572156721,0.487198251363444,0.875,0.912045797267569,831.855088471999,0.784719430954821,152.740825433,0.92990856661005,74.384367326,0.948102060815885,45.054632938,0.950456310063189,36.580493907,0.935418571640704,138.770707416999,0.811296133089525,68.397197174,0.901636631207539,149.292778224,0.947524296504778,1.370312293,0.99935017452163,1498.446403184,3872.512084,0.447152342899885,-0.103892669,0.47302814826607,0.643,0.596180081855389,3.9,0.432432432432432,7,0.875,,,,,"Member body","Associate member"
172,"Turkey",81.3094912450384,0.58464064079094,1,0.919463998957191,651.1349231,0.849783590622277,214.863475411999,0.875165265925442,55.267300922,0.965047270663799,44.567475561,0.951362241221187,23.509713355,0.962789156015478,172.30034573,0.751057203850424,38.850706187,0.960068991658517,103.571708313999,0.965643230573386,12.10618575,0.994259040084206,1316.171834331,9130.026065,0.592347440134232,0.232910797,0.548361061601112,0.668,0.630286493860846,4.4,0.567567567567568,8,1,,,,,"Member body","Full member"
173,"Turkmenistan",57.8961609099039,0.474627519478767,0.5,0.817760972482486,565.191498026,0.880725553960306,282.121798955,0.815896341780998,259.152567014,0.784325053885613,263.902684674,0.543480498353931,59.826730285,0.886740294804158,105.500395875,0.871069159092141,199.120468459999,0.643112892788808,182.046985719,0.934544037572964,0.09506173342,0.999954920103461,1916.95819074142,6947.840023,0.546107646685841,-0.874373913,0.300694420618127,0.629,0.577080491132333,,,4,0.5,,,,,"Correspondent member","Affiliate country"
174,"Uganda",52.1684815337581,0.284775966337974,0.75,0.664752516538379,1175.658777356,0.660940780897902,392.224919051,0.718872016325364,401.514023541999,0.658137034022019,320.102041587,0.438970639957763,236.006872728,0.517814090687139,252.963742241,0.606138353570803,303.629017435,0.436432471529889,153.784500435,0.945744259013184,0.5841146958,0.999723002841352,3236.4680090708,675.5734662,0.151553651015758,-0.482986987,0.388236029755922,0.467,0.356070941336971,3.2,0.243243243243243,6,0.75,,,,,"Member body","Affiliate country"
175,"Ukraine",72.5302621149977,0.500005309518788,1,0.763102936459501,871.369708328999,0.770493096387881,535.444868729,0.592664702698086,327.538023702999,0.723708749602753,216.64223168,0.631367326984155,121.896632481,0.756764163047462,163.669942413,0.766562478612546,181.9772413,0.677016046606526,144.686165731,0.949349864196098,0,1,2563.224814366,2114.954716,0.344753216942225,-0.513784945,0.381347442983153,0.803,0.814461118690314,4,0.459459459459459,8,1,,,,,"Member body","Full member"
176,"United Arab Emirates",86.3865827053631,0.787832831042539,1,0.818285411009514,1857.820153236,0.415344189129261,422.537280247,0.692160362782348,66.9168483,0.95472120803569,111.174897756,0.827497260479335,39.505460882,0.929293608019429,213.628984056,0.676806688636755,58.45981068,0.921289217019288,149.464700371,0.947456164983522,0,1,2919.508135528,40438.37636,0.844288305512348,1.536900878,0.840024840862005,0.687,0.656207366984993,5.3,0.810810810810811,8,1,,,,,"Member body","Full member"
177,"United Kingdom",94.183276647029,0.893988557552984,1,0.934521777633747,290.634832345,0.979573398067032,454.227114096,0.664234862121518,21.988671506,0.994545173060952,37.539779441,0.964431136786834,20.932756888,0.968185375784415,86.996878963,0.90431234637413,33.710699063,0.97023408196052,104.475126136,0.965285212530819,0.2226574907,0.999894412017504,1050.7285159287,43734.00017,0.857551688272122,1.738755345,0.885173678697308,0.896,0.941336971350614,5.6,0.891891891891892,8,1,,,,,"Member body","Full member"
179,"United States of America",92.7714865984387,0.890216830436162,1,0.896907688627311,717.230839655,0.825987268505987,426.198961213,0.688933641092262,57.411630405,0.963146554711643,65.907707904,0.911677362553254,50.7891410959999,0.905665262326791,115.508318413,0.853089050509722,46.413199743,0.945113092172287,60.781632783,0.98260063246409,8.527037426,0.995956333309759,1548.768468638,55836.79263,0.898910726517307,1.461995363,0.823270706063963,0.9,0.946793997271487,5.6,0.891891891891892,8,1,,,,,"Member body","Full member"
180,"Uruguay",73.9760810772995,0.647889717206791,0.75,0.833127770940227,802.32527107,0.795350965905221,359.45859272,0.747746136397098,134.688406251,0.894649058526419,99.2538523859999,0.849665961902052,27.0343851299999,0.95540839357155,230.68904411,0.646156797909803,190.79153426,0.659584536936364,143.157772253999,0.94995555563541,0.774894760999999,0.999632531678125,1988.173752942,15573.90092,0.682753632812557,0.540124297,0.61707558002847,0.717,0.697135061391542,4.5,0.594594594594595,6,0.75,,,,,"Member body","Affiliate country"
181,"Uzbekistan",65.9311720092334,0.472780446685303,0.75,0.808260988749533,725.212832913,0.8231135345055,370.311760344,0.738182181562236,366.101530381,0.689526375627558,211.10677626,0.641661211004894,77.710079495,0.849292055465386,146.360381040999,0.797660620289891,120.121298824,0.799344912270571,179.463112727,0.935568008019759,0,1,2196.387771985,2132.072442,0.34611788672516,-0.682054758,0.343710492894187,0.74,0.728512960436562,,,6,0.75,,,,,"Member body","Affiliate country"
182,"Vanuatu",0,0.378470671021112,0,0.752285248023304,1058.492437005,0.703123840328801,163.720990531,0.920232699921657,724.020507187,0.372269949230503,124.406779651,0.802890891667998,104.505242779999,0.793182225252093,213.756342418,0.676577878194933,164.373626466999,0.711829682094228,193.644093815,0.929948186308075,294.144032523,0.860511879211443,3041.064052377,,,-0.786365569,0.320379268372374,0.526,0.43656207366985,,,0,0,,,,,,
183,"Venezuela",0,0.402744903544912,0,0.848316766833487,1317.8919442,0.609732984255525,171.339861117,0.913518850407712,143.129832577,0.887166647915561,43.081591139,0.954125432457996,24.493734236,0.96072858844319,246.339291334,0.618039759297567,149.102462455999,0.742030566537304,110.499805305,0.962897675124925,28.23517716,0.986610397061608,2234.113699524,,,-1.220160961,0.223352147307424,0.71,0.687585266030014,3.4,0.297297297297297,0,0,,,,,,
184,"Vietnam",69.8981937710554,0.462767433390764,0.875,0.843387225350051,1217.676606029,0.645813223283994,410.789949818999,0.702512265704694,418.75182651,0.642857587770336,30.774335028,0.977012341918492,46.939554159,0.913726406314942,91.143592726,0.896862412240862,78.531022882,0.88159555909587,181.395595428,0.934802178901651,9.904635226,0.995303052919617,2485.907117807,2111.138024,0.344447434601552,0.076964222,0.513480453159358,0.617,0.560709413369714,3.9,0.432432432432432,7,0.875,,,,,"Member body","Associate member"
185,"Yemen",42.6595396632664,0.144602820422391,0.75,0.715830941882339,2048.99236559899,0.346517009143215,339.877628721,0.765001140815842,363.575830124,0.691765135485548,176.160223782,0.706648774057687,145.51950153,0.707297206739258,311.278970912,0.501369942391365,116.178870667,0.807141620963433,221.624528058,0.918859739684716,4.47493876,0.997877907659992,3727.68285815299,,,-1.640890718,0.129247420007634,0.35,0.196452933151432,2.7,0.108108108108108,6,0.75,,,,,"Member body","Affiliate country"
186,"Zambia",49.0989739652206,0.346250842893815,0.5,0.683685558372188,1144.147105515,0.672285837183297,361.45998165,0.74598248600519,374.190416187,0.682356454023384,303.561240435,0.469730365355169,170.502718538,0.654981643307498,294.098304585,0.532236512841409,295.39547395,0.452715467061101,160.937290639,0.942909659246206,0.0598874976299999,0.999971600326441,3104.35241899663,1307.788611,0.2633756877505,-0.55447948,0.372245286420534,0.577,0.506139154160982,3.2,0.243243243243243,4,0.5,,,,,"Correspondent member","Affiliate country"
187,"Zimbabwe",55.6501054693158,0.278783448477972,0.75,0.82427044101157,1325.922645628,0.606841713993142,127.142854035,0.952465837518976,108.814425766,0.917583541236979,181.249633897,0.697184368063468,92.087098164,0.819186171507495,264.497939497,0.585416158900883,80.711237388,0.877283876875091,96.826336812,0.96831637321317,12.32362265,0.994155927794927,2289.575793837,890.4160878,0.198299494893202,-1.147968769,0.239499392488692,0.544,0.461118690313779,3.1,0.216216216216216,6,0.75,,,,,"Member body","Affiliate country"
